"estimate","conf.low","conf.high","p.value","outcome","lag","formula","model"
6.192957324017735,-5.56075161752408,17.94666626555955,0.301335931133132,"case",3,"case3lag_wkavg ~ PM25_wk_avg","lm_unadj_below30"
-0.07862346941842895,-15.072960122214672,14.915713183377813,0.9917904823533372,"case",6,"case6lag_wkavg ~ PM25_wk_avg","lm_unadj_below30"
2.249248195236188,-3.0212814871551696,7.519777877627545,0.40245765521602606,"hospitalized",10,"hospitalized10lag_wkavg ~ PM25_wk_avg","lm_unadj_below30"
0.966966210986013,-0.17485084809078033,2.108783270062806,0.09683800833486864,"ICU",14,"ICU14lag_wkavg ~ PM25_wk_avg","lm_unadj_below30"
0.09454469648359837,0.021005222829111575,0.16808417013808516,0.011807053614935163,"death",18,"death18lag_wkavg ~ PM25_wk_avg","lm_unadj_below30"
0.08689376567082978,0.017613000635170295,0.15617453070648926,0.014026550016121448,"death",21,"death21lag_wkavg ~ PM25_wk_avg","lm_unadj_below30"
6.192957324017735,-5.56075161752408,17.94666626555955,0.301335931133132,"case",3,"case3lag_wkavg ~ PM25_wk_avg","lm_unadj_above30"
-0.07862346941842895,-15.072960122214672,14.915713183377813,0.9917904823533372,"case",6,"case6lag_wkavg ~ PM25_wk_avg","lm_unadj_above30"
2.249248195236188,-3.0212814871551696,7.519777877627545,0.40245765521602606,"hospitalized",10,"hospitalized10lag_wkavg ~ PM25_wk_avg","lm_unadj_above30"
0.966966210986013,-0.17485084809078033,2.108783270062806,0.09683800833486864,"ICU",14,"ICU14lag_wkavg ~ PM25_wk_avg","lm_unadj_above30"
0.09454469648359837,0.021005222829111575,0.16808417013808516,0.011807053614935163,"death",18,"death18lag_wkavg ~ PM25_wk_avg","lm_unadj_above30"
0.08689376567082978,0.017613000635170295,0.15617453070648926,0.014026550016121448,"death",21,"death21lag_wkavg ~ PM25_wk_avg","lm_unadj_above30"
-1.5793047828304803,-4.2321599374262044,1.0735503717652437,0.24328671607811736,"case",3,"case3lag_wkavg ~ PM25_wk_avg","geeglm_unadj_below30"
-1.772470689253456,-11.06339006335852,7.518448684851608,0.7084703913028204,"case",6,"case6lag_wkavg ~ PM25_wk_avg","geeglm_unadj_below30"
-1.4274828850795773,-4.863660387026415,2.0086946168672597,0.41551716344599343,"hospitalized",10,"hospitalized10lag_wkavg ~ PM25_wk_avg","geeglm_unadj_below30"
-0.3480144149232381,-1.2685492845577053,0.5725204547112293,0.45870702159337595,"ICU",14,"ICU14lag_wkavg ~ PM25_wk_avg","geeglm_unadj_below30"
-0.020285611272163454,-0.07387068010016012,0.03329945755583322,0.4580992482983176,"death",18,"death18lag_wkavg ~ PM25_wk_avg","geeglm_unadj_below30"
-0.014696802475207943,-0.07184085729221731,0.042447252341801425,0.6142048115908915,"death",21,"death21lag_wkavg ~ PM25_wk_avg","geeglm_unadj_below30"
-1.5793047828304803,-4.2321599374262044,1.0735503717652437,0.24328671607811736,"case",3,"case3lag_wkavg ~ PM25_wk_avg","geeglm_unadj_above30"
-1.772470689253456,-11.06339006335852,7.518448684851608,0.7084703913028204,"case",6,"case6lag_wkavg ~ PM25_wk_avg","geeglm_unadj_above30"
-1.4274828850795773,-4.863660387026415,2.0086946168672597,0.41551716344599343,"hospitalized",10,"hospitalized10lag_wkavg ~ PM25_wk_avg","geeglm_unadj_above30"
-0.3480144149232381,-1.2685492845577053,0.5725204547112293,0.45870702159337595,"ICU",14,"ICU14lag_wkavg ~ PM25_wk_avg","geeglm_unadj_above30"
-0.020285611272163454,-0.07387068010016012,0.03329945755583322,0.4580992482983176,"death",18,"death18lag_wkavg ~ PM25_wk_avg","geeglm_unadj_above30"
-0.014696802475207943,-0.07184085729221731,0.042447252341801425,0.6142048115908915,"death",21,"death21lag_wkavg ~ PM25_wk_avg","geeglm_unadj_above30"
0.021090980943529503,0.002905040357161299,0.03971894777831152,0.012009520090449454,"case",3,"case3lag_wkavg ~ PM25_wk_avg","nbglm_unadj_below30"
-2.2396317442740526e-4,-0.017692072204719363,0.01770846781315629,0.9793385478739823,"case",6,"case6lag_wkavg ~ PM25_wk_avg","nbglm_unadj_below30"
0.013925444210368685,-0.0042569642538550214,0.032666218595128076,0.11826875220791658,"hospitalized",10,"hospitalized10lag_wkavg ~ PM25_wk_avg","nbglm_unadj_below30"
0.024430608242702146,0.005911048288047869,0.043537093467371696,0.006874645163648247,"ICU",14,"ICU14lag_wkavg ~ PM25_wk_avg","nbglm_unadj_below30"
0.0454714740843908,0.018729397834227304,0.07341169611025598,1.811857493727924e-4,"death",18,"death18lag_wkavg ~ PM25_wk_avg","nbglm_unadj_below30"
0.03888316063364015,0.013712598960502738,0.06505600402476923,0.0013931800395070109,"death",21,"death21lag_wkavg ~ PM25_wk_avg","nbglm_unadj_below30"
0.021090980943529503,0.002905040357161299,0.03971894777831152,0.012009520090449454,"case",3,"case3lag_wkavg ~ PM25_wk_avg","nbglm_unadj_above30"
-2.2396317442740526e-4,-0.017692072204719363,0.01770846781315629,0.9793385478739823,"case",6,"case6lag_wkavg ~ PM25_wk_avg","nbglm_unadj_above30"
0.013925444210368685,-0.0042569642538550214,0.032666218595128076,0.11826875220791658,"hospitalized",10,"hospitalized10lag_wkavg ~ PM25_wk_avg","nbglm_unadj_above30"
0.024430608242702146,0.005911048288047869,0.043537093467371696,0.006874645163648247,"ICU",14,"ICU14lag_wkavg ~ PM25_wk_avg","nbglm_unadj_above30"
0.0454714740843908,0.018729397834227304,0.07341169611025598,1.811857493727924e-4,"death",18,"death18lag_wkavg ~ PM25_wk_avg","nbglm_unadj_above30"
0.03888316063364015,0.013712598960502738,0.06505600402476923,0.0013931800395070109,"death",21,"death21lag_wkavg ~ PM25_wk_avg","nbglm_unadj_above30"
11.879532828254094,-0.17663690880682736,23.935702565315015,0.05344414804021276,"case",3,"case3lag_wkavg ~ PM25_wk_avg+month","lm_adj_below30 month"
6.263386355099863,-9.304151955136877,21.830924665336603,0.4299085101203637,"case",6,"case6lag_wkavg ~ PM25_wk_avg+month","lm_adj_below30 month"
4.401334705388492,-1.0360441392590598,9.838713550036044,0.11247688526998992,"hospitalized",10,"hospitalized10lag_wkavg ~ PM25_wk_avg+month","lm_adj_below30 month"
1.3317277974348551,0.1555763777988226,2.5078792170708875,0.02652212730919671,"ICU",14,"ICU14lag_wkavg ~ PM25_wk_avg+month","lm_adj_below30 month"
0.093315376136926,0.017011406196749915,0.1696193460771021,0.016596804939585968,"death",18,"death18lag_wkavg ~ PM25_wk_avg+month","lm_adj_below30 month"
0.07843614404537974,0.0063935531747369295,0.15047873491602254,0.03288890056737321,"death",21,"death21lag_wkavg ~ PM25_wk_avg+month","lm_adj_below30 month"
11.879532828254094,-0.17663690880682736,23.935702565315015,0.05344414804021276,"case",3,"case3lag_wkavg ~ PM25_wk_avg+month","lm_adj_below30 month"
6.263386355099863,-9.304151955136877,21.830924665336603,0.4299085101203637,"case",6,"case6lag_wkavg ~ PM25_wk_avg+month","lm_adj_below30 month"
4.401334705388492,-1.0360441392590598,9.838713550036044,0.11247688526998992,"hospitalized",10,"hospitalized10lag_wkavg ~ PM25_wk_avg+month","lm_adj_below30 month"
1.3317277974348551,0.1555763777988226,2.5078792170708875,0.02652212730919671,"ICU",14,"ICU14lag_wkavg ~ PM25_wk_avg+month","lm_adj_below30 month"
0.093315376136926,0.017011406196749915,0.1696193460771021,0.016596804939585968,"death",18,"death18lag_wkavg ~ PM25_wk_avg+month","lm_adj_below30 month"
0.07843614404537974,0.0063935531747369295,0.15047873491602254,0.03288890056737321,"death",21,"death21lag_wkavg ~ PM25_wk_avg+month","lm_adj_below30 month"
-1.2478987853269927,-3.8386508476177594,1.3428532769637738,0.3451367628184153,"case",3,"case3lag_wkavg ~ PM25_wk_avg+month","geeglm_adj_below30 month"
0.4424008409764322,-8.618484438203463,9.503286120156329,0.9237620847077922,"case",6,"case6lag_wkavg ~ PM25_wk_avg+month","geeglm_adj_below30 month"
-0.6303191426208774,-3.4205134398405206,2.159875154598766,0.6579350889909445,"hospitalized",10,"hospitalized10lag_wkavg ~ PM25_wk_avg+month","geeglm_adj_below30 month"
-0.024995874710493894,-0.6779168329409543,0.6279250835199665,0.9401879732032641,"ICU",14,"ICU14lag_wkavg ~ PM25_wk_avg+month","geeglm_adj_below30 month"
0.0014905870638805177,-0.033247079315517264,0.036228253443278305,0.9329755692654361,"death",18,"death18lag_wkavg ~ PM25_wk_avg+month","geeglm_adj_below30 month"
-0.008249569270776523,-0.053047599392468635,0.036548460850915586,0.7181533508732763,"death",21,"death21lag_wkavg ~ PM25_wk_avg+month","geeglm_adj_below30 month"
-1.2478987853269927,-3.8386508476177594,1.3428532769637738,0.3451367628184153,"case",3,"case3lag_wkavg ~ PM25_wk_avg+month","geeglm_adj_above30 month"
0.4424008409764322,-8.618484438203463,9.503286120156329,0.9237620847077922,"case",6,"case6lag_wkavg ~ PM25_wk_avg+month","geeglm_adj_above30 month"
-0.6303191426208774,-3.4205134398405206,2.159875154598766,0.6579350889909445,"hospitalized",10,"hospitalized10lag_wkavg ~ PM25_wk_avg+month","geeglm_adj_above30 month"
-0.024995874710493894,-0.6779168329409543,0.6279250835199665,0.9401879732032641,"ICU",14,"ICU14lag_wkavg ~ PM25_wk_avg+month","geeglm_adj_above30 month"
0.0014905870638805177,-0.033247079315517264,0.036228253443278305,0.9329755692654361,"death",18,"death18lag_wkavg ~ PM25_wk_avg+month","geeglm_adj_above30 month"
-0.008249569270776523,-0.053047599392468635,0.036548460850915586,0.7181533508732763,"death",21,"death21lag_wkavg ~ PM25_wk_avg+month","geeglm_adj_above30 month"
0.053195025915785,0.034328665441289104,0.07249620091719251,3.757962624200348e-11,"case",3,"case3lag_wkavg ~ PM25_wk_avg+month","nbglm_adj_below30 month"
0.049710880973147555,0.030212394692223685,0.06965678839425883,2.2336764770185393e-9,"case",6,"case6lag_wkavg ~ PM25_wk_avg+month","nbglm_adj_below30 month"
0.06211879645133324,0.041231669399637925,0.08355838634876435,1.2122333223113571e-12,"hospitalized",10,"hospitalized10lag_wkavg ~ PM25_wk_avg+month","nbglm_adj_below30 month"
0.06617834864329161,0.04501460649504346,0.08793159363333117,1.3212062944102651e-13,"ICU",14,"ICU14lag_wkavg ~ PM25_wk_avg+month","nbglm_adj_below30 month"
0.08065986702695037,0.05009951429406722,0.112489528954531,2.546369415900557e-11,"death",18,"death18lag_wkavg ~ PM25_wk_avg+month","nbglm_adj_below30 month"
0.07250854822168476,0.04274369004128627,0.1034327486900168,2.5966502384062855e-9,"death",21,"death21lag_wkavg ~ PM25_wk_avg+month","nbglm_adj_below30 month"
0.053195025915785,0.034328665441289104,0.07249620091719251,3.757962624200348e-11,"case",3,"case3lag_wkavg ~ PM25_wk_avg+month","nbglm_adj_above30 month"
0.049710880973147555,0.030212394692223685,0.06965678839425883,2.2336764770185393e-9,"case",6,"case6lag_wkavg ~ PM25_wk_avg+month","nbglm_adj_above30 month"
0.06211879645133324,0.041231669399637925,0.08355838634876435,1.2122333223113571e-12,"hospitalized",10,"hospitalized10lag_wkavg ~ PM25_wk_avg+month","nbglm_adj_above30 month"
0.06617834864329161,0.04501460649504346,0.08793159363333117,1.3212062944102651e-13,"ICU",14,"ICU14lag_wkavg ~ PM25_wk_avg+month","nbglm_adj_above30 month"
0.08065986702695037,0.05009951429406722,0.112489528954531,2.546369415900557e-11,"death",18,"death18lag_wkavg ~ PM25_wk_avg+month","nbglm_adj_above30 month"
0.07250854822168476,0.04274369004128627,0.1034327486900168,2.5966502384062855e-9,"death",21,"death21lag_wkavg ~ PM25_wk_avg+month","nbglm_adj_above30 month"
11.874704426146376,-0.16264008077661352,23.912048933069364,0.053169242232096334,"case",3,"case3lag_wkavg ~ PM25_wk_avg+month+pop_density_new","lm_adj_below30 month+pop_density_new"
6.258179188897557,-9.295325483557676,21.81168386135279,0.42987559563867395,"case",6,"case6lag_wkavg ~ PM25_wk_avg+month+pop_density_new","lm_adj_below30 month+pop_density_new"
4.398759607859265,-1.0253987172095549,9.822917932928085,0.1118141343918513,"hospitalized",10,"hospitalized10lag_wkavg ~ PM25_wk_avg+month+pop_density_new","lm_adj_below30 month+pop_density_new"
1.3309763432588726,0.1606348068221939,2.5013178796955513,0.025866894587392514,"ICU",14,"ICU14lag_wkavg ~ PM25_wk_avg+month+pop_density_new","lm_adj_below30 month+pop_density_new"
0.09327433607828188,0.017223473756427285,0.1693251984001365,0.016287470577895802,"death",18,"death18lag_wkavg ~ PM25_wk_avg+month+pop_density_new","lm_adj_below30 month+pop_density_new"
0.07838776155250723,0.006743177485551033,0.15003234561946344,0.032038082364936014,"death",21,"death21lag_wkavg ~ PM25_wk_avg+month+pop_density_new","lm_adj_below30 month+pop_density_new"
11.874704426146376,-0.16264008077661352,23.912048933069364,0.053169242232096334,"case",3,"case3lag_wkavg ~ PM25_wk_avg+month+pop_density_new","lm_adj_below30 month+pop_density_new"
6.258179188897557,-9.295325483557676,21.81168386135279,0.42987559563867395,"case",6,"case6lag_wkavg ~ PM25_wk_avg+month+pop_density_new","lm_adj_below30 month+pop_density_new"
4.398759607859265,-1.0253987172095549,9.822917932928085,0.1118141343918513,"hospitalized",10,"hospitalized10lag_wkavg ~ PM25_wk_avg+month+pop_density_new","lm_adj_below30 month+pop_density_new"
1.3309763432588726,0.1606348068221939,2.5013178796955513,0.025866894587392514,"ICU",14,"ICU14lag_wkavg ~ PM25_wk_avg+month+pop_density_new","lm_adj_below30 month+pop_density_new"
0.09327433607828188,0.017223473756427285,0.1693251984001365,0.016287470577895802,"death",18,"death18lag_wkavg ~ PM25_wk_avg+month+pop_density_new","lm_adj_below30 month+pop_density_new"
0.07838776155250723,0.006743177485551033,0.15003234561946344,0.032038082364936014,"death",21,"death21lag_wkavg ~ PM25_wk_avg+month+pop_density_new","lm_adj_below30 month+pop_density_new"
-1.2442931707754874,-3.813141676547713,1.324555334996738,0.34243600655892636,"case",3,"case3lag_wkavg ~ PM25_wk_avg+month+pop_density_new","geeglm_adj_below30 month+pop_density_new"
0.45377812921296795,-8.483183432761194,9.390739691187129,0.9207269747436492,"case",6,"case6lag_wkavg ~ PM25_wk_avg+month+pop_density_new","geeglm_adj_below30 month+pop_density_new"
-0.6203946723540293,-3.39813848233254,2.157349137624481,0.6615691220534226,"hospitalized",10,"hospitalized10lag_wkavg ~ PM25_wk_avg+month+pop_density_new","geeglm_adj_below30 month+pop_density_new"
-0.020456759286938644,-0.6708295158159712,0.6299159972420938,0.9508427449159607,"ICU",14,"ICU14lag_wkavg ~ PM25_wk_avg+month+pop_density_new","geeglm_adj_below30 month+pop_density_new"
0.0017905527664285868,-0.03297889934730041,0.036560004880157586,0.9196028743985704,"death",18,"death18lag_wkavg ~ PM25_wk_avg+month+pop_density_new","geeglm_adj_below30 month+pop_density_new"
-0.007974864950725708,-0.05270801064944988,0.03675828074799847,0.7267775056185055,"death",21,"death21lag_wkavg ~ PM25_wk_avg+month+pop_density_new","geeglm_adj_below30 month+pop_density_new"
-1.2442931707754874,-3.813141676547713,1.324555334996738,0.34243600655892636,"case",3,"case3lag_wkavg ~ PM25_wk_avg+month+pop_density_new","geeglm_adj_above30 month+pop_density_new"
0.45377812921296795,-8.483183432761194,9.390739691187129,0.9207269747436492,"case",6,"case6lag_wkavg ~ PM25_wk_avg+month+pop_density_new","geeglm_adj_above30 month+pop_density_new"
-0.6203946723540293,-3.39813848233254,2.157349137624481,0.6615691220534226,"hospitalized",10,"hospitalized10lag_wkavg ~ PM25_wk_avg+month+pop_density_new","geeglm_adj_above30 month+pop_density_new"
-0.020456759286938644,-0.6708295158159712,0.6299159972420938,0.9508427449159607,"ICU",14,"ICU14lag_wkavg ~ PM25_wk_avg+month+pop_density_new","geeglm_adj_above30 month+pop_density_new"
0.0017905527664285868,-0.03297889934730041,0.036560004880157586,0.9196028743985704,"death",18,"death18lag_wkavg ~ PM25_wk_avg+month+pop_density_new","geeglm_adj_above30 month+pop_density_new"
-0.007974864950725708,-0.05270801064944988,0.03675828074799847,0.7267775056185055,"death",21,"death21lag_wkavg ~ PM25_wk_avg+month+pop_density_new","geeglm_adj_above30 month+pop_density_new"
0.046141101570562316,0.027668404866273567,0.06511718589173185,6.276511433573141e-9,"case",3,"case3lag_wkavg ~ PM25_wk_avg+month+pop_density_new","nbglm_adj_below30 month+pop_density_new"
0.044642334455097465,0.025532889099127702,0.06425026085069402,5.789506610194834e-8,"case",6,"case6lag_wkavg ~ PM25_wk_avg+month+pop_density_new","nbglm_adj_below30 month+pop_density_new"
0.05581478106896879,0.03560673171631234,0.07664230530154074,9.942442709374378e-11,"hospitalized",10,"hospitalized10lag_wkavg ~ PM25_wk_avg+month+pop_density_new","nbglm_adj_below30 month+pop_density_new"
0.05904272567777724,0.03868514733291054,0.08005554923781981,1.863426634118256e-11,"ICU",14,"ICU14lag_wkavg ~ PM25_wk_avg+month+pop_density_new","nbglm_adj_below30 month+pop_density_new"
0.06839863710888171,0.039213008940281326,0.09898405848507527,1.1810905392616298e-8,"death",18,"death18lag_wkavg ~ PM25_wk_avg+month+pop_density_new","nbglm_adj_below30 month+pop_density_new"
0.06543713673465366,0.036702576696356515,0.09541297815800802,5.733480766949443e-8,"death",21,"death21lag_wkavg ~ PM25_wk_avg+month+pop_density_new","nbglm_adj_below30 month+pop_density_new"
0.046141101570562316,0.027668404866273567,0.06511718589173185,6.276511433573141e-9,"case",3,"case3lag_wkavg ~ PM25_wk_avg+month+pop_density_new","nbglm_adj_above30 month+pop_density_new"
0.044642334455097465,0.025532889099127702,0.06425026085069402,5.789506610194834e-8,"case",6,"case6lag_wkavg ~ PM25_wk_avg+month+pop_density_new","nbglm_adj_above30 month+pop_density_new"
0.05581478106896879,0.03560673171631234,0.07664230530154074,9.942442709374378e-11,"hospitalized",10,"hospitalized10lag_wkavg ~ PM25_wk_avg+month+pop_density_new","nbglm_adj_above30 month+pop_density_new"
0.05904272567777724,0.03868514733291054,0.08005554923781981,1.863426634118256e-11,"ICU",14,"ICU14lag_wkavg ~ PM25_wk_avg+month+pop_density_new","nbglm_adj_above30 month+pop_density_new"
0.06839863710888171,0.039213008940281326,0.09898405848507527,1.1810905392616298e-8,"death",18,"death18lag_wkavg ~ PM25_wk_avg+month+pop_density_new","nbglm_adj_above30 month+pop_density_new"
0.06543713673465366,0.036702576696356515,0.09541297815800802,5.733480766949443e-8,"death",21,"death21lag_wkavg ~ PM25_wk_avg+month+pop_density_new","nbglm_adj_above30 month+pop_density_new"
-5.865848379956944,-16.02827441366637,4.2965776537524825,0.25754789803697853,"case",3,"case3lag_wkavg ~ PM25_wk_avg+month+pop_density_new+P0020002","lm_adj_below30 month+pop_density_new+P0020002"
-9.18069119257346,-23.84181240720551,5.480430022058586,0.21937123054948635,"case",6,"case6lag_wkavg ~ PM25_wk_avg+month+pop_density_new+P0020002","lm_adj_below30 month+pop_density_new+P0020002"
-2.4098821311262046,-7.264715637879981,2.4449513756275714,0.3301686982514572,"hospitalized",10,"hospitalized10lag_wkavg ~ PM25_wk_avg+month+pop_density_new+P0020002","lm_adj_below30 month+pop_density_new+P0020002"
-0.2663051906452822,-1.285628011040213,0.7530176297496485,0.6082161990043433,"ICU",14,"ICU14lag_wkavg ~ PM25_wk_avg+month+pop_density_new+P0020002","lm_adj_below30 month+pop_density_new+P0020002"
-0.0204499826706298,-0.08422635538311907,0.043326390041859474,0.5292604464653825,"death",18,"death18lag_wkavg ~ PM25_wk_avg+month+pop_density_new+P0020002","lm_adj_below30 month+pop_density_new+P0020002"
-0.022989716766250154,-0.08453323033876656,0.03855379680626624,0.46362086902496114,"death",21,"death21lag_wkavg ~ PM25_wk_avg+month+pop_density_new+P0020002","lm_adj_below30 month+pop_density_new+P0020002"
-5.865848379956944,-16.02827441366637,4.2965776537524825,0.25754789803697853,"case",3,"case3lag_wkavg ~ PM25_wk_avg+month+pop_density_new+P0020002","lm_adj_below30 month+pop_density_new+P0020002"
-9.18069119257346,-23.84181240720551,5.480430022058586,0.21937123054948635,"case",6,"case6lag_wkavg ~ PM25_wk_avg+month+pop_density_new+P0020002","lm_adj_below30 month+pop_density_new+P0020002"
-2.4098821311262046,-7.264715637879981,2.4449513756275714,0.3301686982514572,"hospitalized",10,"hospitalized10lag_wkavg ~ PM25_wk_avg+month+pop_density_new+P0020002","lm_adj_below30 month+pop_density_new+P0020002"
-0.2663051906452822,-1.285628011040213,0.7530176297496485,0.6082161990043433,"ICU",14,"ICU14lag_wkavg ~ PM25_wk_avg+month+pop_density_new+P0020002","lm_adj_below30 month+pop_density_new+P0020002"
-0.0204499826706298,-0.08422635538311907,0.043326390041859474,0.5292604464653825,"death",18,"death18lag_wkavg ~ PM25_wk_avg+month+pop_density_new+P0020002","lm_adj_below30 month+pop_density_new+P0020002"
-0.022989716766250154,-0.08453323033876656,0.03855379680626624,0.46362086902496114,"death",21,"death21lag_wkavg ~ PM25_wk_avg+month+pop_density_new+P0020002","lm_adj_below30 month+pop_density_new+P0020002"
-3.5459940533102836,-7.084867211121258,-0.007120895499309388,0.049540783962897406,"case",3,"case3lag_wkavg ~ PM25_wk_avg+month+pop_density_new+P0020002","geeglm_adj_below30 month+pop_density_new+P0020002"
-5.599261451060247,-13.747398974847473,2.548876072726978,0.17802729198629985,"case",6,"case6lag_wkavg ~ PM25_wk_avg+month+pop_density_new+P0020002","geeglm_adj_below30 month+pop_density_new+P0020002"
-1.9335167342230744,-4.869304260070116,1.002270791623968,0.19676020479614242,"hospitalized",10,"hospitalized10lag_wkavg ~ PM25_wk_avg+month+pop_density_new+P0020002","geeglm_adj_below30 month+pop_density_new+P0020002"
-0.18796738597948892,-0.8179323473242681,0.4419975753652903,0.5586760157583405,"ICU",14,"ICU14lag_wkavg ~ PM25_wk_avg+month+pop_density_new+P0020002","geeglm_adj_below30 month+pop_density_new+P0020002"
-0.006216508451762221,-0.04308486421673462,0.030651847313210176,0.7410397926863966,"death",18,"death18lag_wkavg ~ PM25_wk_avg+month+pop_density_new+P0020002","geeglm_adj_below30 month+pop_density_new+P0020002"
-0.018016322108863083,-0.06287376454572566,0.026841120327999488,0.4311704890357436,"death",21,"death21lag_wkavg ~ PM25_wk_avg+month+pop_density_new+P0020002","geeglm_adj_below30 month+pop_density_new+P0020002"
-3.5459940533102836,-7.084867211121258,-0.007120895499309388,0.049540783962897406,"case",3,"case3lag_wkavg ~ PM25_wk_avg+month+pop_density_new+P0020002","geeglm_adj_above30 month+pop_density_new+P0020002"
-5.599261451060247,-13.747398974847473,2.548876072726978,0.17802729198629985,"case",6,"case6lag_wkavg ~ PM25_wk_avg+month+pop_density_new+P0020002","geeglm_adj_above30 month+pop_density_new+P0020002"
-1.9335167342230744,-4.869304260070116,1.002270791623968,0.19676020479614242,"hospitalized",10,"hospitalized10lag_wkavg ~ PM25_wk_avg+month+pop_density_new+P0020002","geeglm_adj_above30 month+pop_density_new+P0020002"
-0.18796738597948892,-0.8179323473242681,0.4419975753652903,0.5586760157583405,"ICU",14,"ICU14lag_wkavg ~ PM25_wk_avg+month+pop_density_new+P0020002","geeglm_adj_above30 month+pop_density_new+P0020002"
-0.006216508451762221,-0.04308486421673462,0.030651847313210176,0.7410397926863966,"death",18,"death18lag_wkavg ~ PM25_wk_avg+month+pop_density_new+P0020002","geeglm_adj_above30 month+pop_density_new+P0020002"
-0.018016322108863083,-0.06287376454572566,0.026841120327999488,0.4311704890357436,"death",21,"death21lag_wkavg ~ PM25_wk_avg+month+pop_density_new+P0020002","geeglm_adj_above30 month+pop_density_new+P0020002"
-0.007988617740386079,-0.021568314744575035,0.005869831312119529,0.22847168776334037,"case",3,"case3lag_wkavg ~ PM25_wk_avg+month+pop_density_new+P0020002","nbglm_adj_below30 month+pop_density_new+P0020002"
-0.0033001382959559236,-0.017943759712871567,0.011658079077181234,0.6448532681555867,"case",6,"case6lag_wkavg ~ PM25_wk_avg+month+pop_density_new+P0020002","nbglm_adj_below30 month+pop_density_new+P0020002"
0.009329510694188867,-0.006361234883242226,0.025389258842794298,0.21555992246598785,"hospitalized",10,"hospitalized10lag_wkavg ~ PM25_wk_avg+month+pop_density_new+P0020002","nbglm_adj_below30 month+pop_density_new+P0020002"
0.009481209836050511,-0.006395673244545812,0.025720060850615446,0.21272891014112208,"ICU",14,"ICU14lag_wkavg ~ PM25_wk_avg+month+pop_density_new+P0020002","nbglm_adj_below30 month+pop_density_new+P0020002"
0.01672067332878754,-0.005696402860730786,0.03966728483251765,0.11155764843095675,"death",18,"death18lag_wkavg ~ PM25_wk_avg+month+pop_density_new+P0020002","nbglm_adj_below30 month+pop_density_new+P0020002"
0.0166399542461794,-0.005839779743419009,0.03965073964388299,0.1209556324202589,"death",21,"death21lag_wkavg ~ PM25_wk_avg+month+pop_density_new+P0020002","nbglm_adj_below30 month+pop_density_new+P0020002"
-0.007988617740386079,-0.021568314744575035,0.005869831312119529,0.22847168776334037,"case",3,"case3lag_wkavg ~ PM25_wk_avg+month+pop_density_new+P0020002","nbglm_adj_above30 month+pop_density_new+P0020002"
-0.0033001382959559236,-0.017943759712871567,0.011658079077181234,0.6448532681555867,"case",6,"case6lag_wkavg ~ PM25_wk_avg+month+pop_density_new+P0020002","nbglm_adj_above30 month+pop_density_new+P0020002"
0.009329510694188867,-0.006361234883242226,0.025389258842794298,0.21555992246598785,"hospitalized",10,"hospitalized10lag_wkavg ~ PM25_wk_avg+month+pop_density_new+P0020002","nbglm_adj_above30 month+pop_density_new+P0020002"
0.009481209836050511,-0.006395673244545812,0.025720060850615446,0.21272891014112208,"ICU",14,"ICU14lag_wkavg ~ PM25_wk_avg+month+pop_density_new+P0020002","nbglm_adj_above30 month+pop_density_new+P0020002"
0.01672067332878754,-0.005696402860730786,0.03966728483251765,0.11155764843095675,"death",18,"death18lag_wkavg ~ PM25_wk_avg+month+pop_density_new+P0020002","nbglm_adj_above30 month+pop_density_new+P0020002"
0.0166399542461794,-0.005839779743419009,0.03965073964388299,0.1209556324202589,"death",21,"death21lag_wkavg ~ PM25_wk_avg+month+pop_density_new+P0020002","nbglm_adj_above30 month+pop_density_new+P0020002"
-6.2536529598816895,-16.47194536273856,3.9646394429751783,0.22998353566797541,"case",3,"case3lag_wkavg ~ PM25_wk_avg+month+pop_density_new+P0020002+P0020003","lm_adj_below30 month+pop_density_new+P0020002+P0020003"
-9.43793645814815,-24.183517464528286,5.307644548231989,0.20934839834235736,"case",6,"case6lag_wkavg ~ PM25_wk_avg+month+pop_density_new+P0020002+P0020003","lm_adj_below30 month+pop_density_new+P0020002+P0020003"
-2.7234206252392674,-7.601917924811028,2.155076674332493,0.2734966962837306,"hospitalized",10,"hospitalized10lag_wkavg ~ PM25_wk_avg+month+pop_density_new+P0020002+P0020003","lm_adj_below30 month+pop_density_new+P0020002+P0020003"
-0.35850755777985166,-1.381859711599712,0.6648445960400088,0.4918656850968077,"ICU",14,"ICU14lag_wkavg ~ PM25_wk_avg+month+pop_density_new+P0020002+P0020003","lm_adj_below30 month+pop_density_new+P0020002+P0020003"
-0.023171330900110282,-0.08729297020130349,0.04095030840108292,0.47832721802110034,"death",18,"death18lag_wkavg ~ PM25_wk_avg+month+pop_density_new+P0020002+P0020003","lm_adj_below30 month+pop_density_new+P0020002+P0020003"
-0.023797632424461385,-0.08569759920448342,0.03810233435556065,0.4506821501320154,"death",21,"death21lag_wkavg ~ PM25_wk_avg+month+pop_density_new+P0020002+P0020003","lm_adj_below30 month+pop_density_new+P0020002+P0020003"
-6.2536529598816895,-16.47194536273856,3.9646394429751783,0.22998353566797541,"case",3,"case3lag_wkavg ~ PM25_wk_avg+month+pop_density_new+P0020002+P0020003","lm_adj_below30 month+pop_density_new+P0020002+P0020003"
-9.43793645814815,-24.183517464528286,5.307644548231989,0.20934839834235736,"case",6,"case6lag_wkavg ~ PM25_wk_avg+month+pop_density_new+P0020002+P0020003","lm_adj_below30 month+pop_density_new+P0020002+P0020003"
-2.7234206252392674,-7.601917924811028,2.155076674332493,0.2734966962837306,"hospitalized",10,"hospitalized10lag_wkavg ~ PM25_wk_avg+month+pop_density_new+P0020002+P0020003","lm_adj_below30 month+pop_density_new+P0020002+P0020003"
-0.35850755777985166,-1.381859711599712,0.6648445960400088,0.4918656850968077,"ICU",14,"ICU14lag_wkavg ~ PM25_wk_avg+month+pop_density_new+P0020002+P0020003","lm_adj_below30 month+pop_density_new+P0020002+P0020003"
-0.023171330900110282,-0.08729297020130349,0.04095030840108292,0.47832721802110034,"death",18,"death18lag_wkavg ~ PM25_wk_avg+month+pop_density_new+P0020002+P0020003","lm_adj_below30 month+pop_density_new+P0020002+P0020003"
-0.023797632424461385,-0.08569759920448342,0.03810233435556065,0.4506821501320154,"death",21,"death21lag_wkavg ~ PM25_wk_avg+month+pop_density_new+P0020002+P0020003","lm_adj_below30 month+pop_density_new+P0020002+P0020003"
-3.671214319271885,-6.949631481950725,-0.3927971565930455,0.02817843221991645,"case",3,"case3lag_wkavg ~ PM25_wk_avg+month+pop_density_new+P0020002+P0020003","geeglm_adj_below30 month+pop_density_new+P0020002+P0020003"
-5.719389711517416,-13.181080741975054,1.7423013189402212,0.13301620943325965,"case",6,"case6lag_wkavg ~ PM25_wk_avg+month+pop_density_new+P0020002+P0020003","geeglm_adj_below30 month+pop_density_new+P0020002+P0020003"
-2.0589394257713804,-4.742829997593538,0.6249511460507771,0.132689262258206,"hospitalized",10,"hospitalized10lag_wkavg ~ PM25_wk_avg+month+pop_density_new+P0020002+P0020003","geeglm_adj_below30 month+pop_density_new+P0020002+P0020003"
-0.22221600490641868,-0.8076471896204604,0.3632151798076231,0.45690275989640416,"ICU",14,"ICU14lag_wkavg ~ PM25_wk_avg+month+pop_density_new+P0020002+P0020003","geeglm_adj_below30 month+pop_density_new+P0020002+P0020003"
-0.007763649605782681,-0.04272792300959836,0.027200623798032997,0.6634168094241143,"death",18,"death18lag_wkavg ~ PM25_wk_avg+month+pop_density_new+P0020002+P0020003","geeglm_adj_below30 month+pop_density_new+P0020002+P0020003"
-0.018317751605913785,-0.06287438538986301,0.02623888217803543,0.42037891387029047,"death",21,"death21lag_wkavg ~ PM25_wk_avg+month+pop_density_new+P0020002+P0020003","geeglm_adj_below30 month+pop_density_new+P0020002+P0020003"
-3.671214319271885,-6.949631481950725,-0.3927971565930455,0.02817843221991645,"case",3,"case3lag_wkavg ~ PM25_wk_avg+month+pop_density_new+P0020002+P0020003","geeglm_adj_above30 month+pop_density_new+P0020002+P0020003"
-5.719389711517416,-13.181080741975054,1.7423013189402212,0.13301620943325965,"case",6,"case6lag_wkavg ~ PM25_wk_avg+month+pop_density_new+P0020002+P0020003","geeglm_adj_above30 month+pop_density_new+P0020002+P0020003"
-2.0589394257713804,-4.742829997593538,0.6249511460507771,0.132689262258206,"hospitalized",10,"hospitalized10lag_wkavg ~ PM25_wk_avg+month+pop_density_new+P0020002+P0020003","geeglm_adj_above30 month+pop_density_new+P0020002+P0020003"
-0.22221600490641868,-0.8076471896204604,0.3632151798076231,0.45690275989640416,"ICU",14,"ICU14lag_wkavg ~ PM25_wk_avg+month+pop_density_new+P0020002+P0020003","geeglm_adj_above30 month+pop_density_new+P0020002+P0020003"
-0.007763649605782681,-0.04272792300959836,0.027200623798032997,0.6634168094241143,"death",18,"death18lag_wkavg ~ PM25_wk_avg+month+pop_density_new+P0020002+P0020003","geeglm_adj_above30 month+pop_density_new+P0020002+P0020003"
-0.018317751605913785,-0.06287438538986301,0.02623888217803543,0.42037891387029047,"death",21,"death21lag_wkavg ~ PM25_wk_avg+month+pop_density_new+P0020002+P0020003","geeglm_adj_above30 month+pop_density_new+P0020002+P0020003"
-0.01312270424603427,-0.026423438578189996,4.512256531067837e-4,0.04608842345565875,"case",3,"case3lag_wkavg ~ PM25_wk_avg+month+pop_density_new+P0020002+P0020003","nbglm_adj_below30 month+pop_density_new+P0020002+P0020003"
-0.007710318098184072,-0.022172277052031793,0.007056690035063314,0.280052390104437,"case",6,"case6lag_wkavg ~ PM25_wk_avg+month+pop_density_new+P0020002+P0020003","nbglm_adj_below30 month+pop_density_new+P0020002+P0020003"
0.006333174098798302,-0.008923973927168032,0.021935873915330882,0.3971595017856699,"hospitalized",10,"hospitalized10lag_wkavg ~ PM25_wk_avg+month+pop_density_new+P0020002+P0020003","nbglm_adj_below30 month+pop_density_new+P0020002+P0020003"
0.004258053283579024,-0.011114686708681891,0.019977192642625756,0.5715907117624341,"ICU",14,"ICU14lag_wkavg ~ PM25_wk_avg+month+pop_density_new+P0020002+P0020003","nbglm_adj_below30 month+pop_density_new+P0020002+P0020003"
0.010866394555810578,-0.011511437391920813,0.033701044416760424,0.30283738916332964,"death",18,"death18lag_wkavg ~ PM25_wk_avg+month+pop_density_new+P0020002+P0020003","nbglm_adj_below30 month+pop_density_new+P0020002+P0020003"
0.012642784737263994,-0.009784828096271618,0.03552350802140293,0.24098691983382892,"death",21,"death21lag_wkavg ~ PM25_wk_avg+month+pop_density_new+P0020002+P0020003","nbglm_adj_below30 month+pop_density_new+P0020002+P0020003"
-0.01312270424603427,-0.026423438578189996,4.512256531067837e-4,0.04608842345565875,"case",3,"case3lag_wkavg ~ PM25_wk_avg+month+pop_density_new+P0020002+P0020003","nbglm_adj_above30 month+pop_density_new+P0020002+P0020003"
-0.007710318098184072,-0.022172277052031793,0.007056690035063314,0.280052390104437,"case",6,"case6lag_wkavg ~ PM25_wk_avg+month+pop_density_new+P0020002+P0020003","nbglm_adj_above30 month+pop_density_new+P0020002+P0020003"
0.006333174098798302,-0.008923973927168032,0.021935873915330882,0.3971595017856699,"hospitalized",10,"hospitalized10lag_wkavg ~ PM25_wk_avg+month+pop_density_new+P0020002+P0020003","nbglm_adj_above30 month+pop_density_new+P0020002+P0020003"
0.004258053283579024,-0.011114686708681891,0.019977192642625756,0.5715907117624341,"ICU",14,"ICU14lag_wkavg ~ PM25_wk_avg+month+pop_density_new+P0020002+P0020003","nbglm_adj_above30 month+pop_density_new+P0020002+P0020003"
0.010866394555810578,-0.011511437391920813,0.033701044416760424,0.30283738916332964,"death",18,"death18lag_wkavg ~ PM25_wk_avg+month+pop_density_new+P0020002+P0020003","nbglm_adj_above30 month+pop_density_new+P0020002+P0020003"
0.012642784737263994,-0.009784828096271618,0.03552350802140293,0.24098691983382892,"death",21,"death21lag_wkavg ~ PM25_wk_avg+month+pop_density_new+P0020002+P0020003","nbglm_adj_above30 month+pop_density_new+P0020002+P0020003"
-6.363121708108088,-16.590617825357903,3.8643744091417274,0.2223520145986545,"case",3,"case3lag_wkavg ~ PM25_wk_avg+month+pop_density_new+P0020002+P0020003+P0020005","lm_adj_below30 month+pop_density_new+P0020002+P0020003+P0020005"
-9.571205949684245,-24.331156548608575,5.188744649240084,0.2034332042298317,"case",6,"case6lag_wkavg ~ PM25_wk_avg+month+pop_density_new+P0020002+P0020003+P0020005","lm_adj_below30 month+pop_density_new+P0020002+P0020003+P0020005"
-2.7965787321275775,-7.678271817581826,2.085114353326671,0.2611385645975358,"hospitalized",10,"hospitalized10lag_wkavg ~ PM25_wk_avg+month+pop_density_new+P0020002+P0020003+P0020005","lm_adj_below30 month+pop_density_new+P0020002+P0020003+P0020005"
-0.37948493118438326,-1.4030614313067051,0.6440915689379385,0.4669859818703035,"ICU",14,"ICU14lag_wkavg ~ PM25_wk_avg+month+pop_density_new+P0020002+P0020003+P0020005","lm_adj_below30 month+pop_density_new+P0020002+P0020003+P0020005"
-0.023225507841195307,-0.08742121243723797,0.040970196754847345,0.477807066836873,"death",18,"death18lag_wkavg ~ PM25_wk_avg+month+pop_density_new+P0020002+P0020003+P0020005","lm_adj_below30 month+pop_density_new+P0020002+P0020003+P0020005"
-0.023627840642905244,-0.08559836648928547,0.038342685203474974,0.454431777409697,"death",21,"death21lag_wkavg ~ PM25_wk_avg+month+pop_density_new+P0020002+P0020003+P0020005","lm_adj_below30 month+pop_density_new+P0020002+P0020003+P0020005"
-6.363121708108088,-16.590617825357903,3.8643744091417274,0.2223520145986545,"case",3,"case3lag_wkavg ~ PM25_wk_avg+month+pop_density_new+P0020002+P0020003+P0020005","lm_adj_below30 month+pop_density_new+P0020002+P0020003+P0020005"
-9.571205949684245,-24.331156548608575,5.188744649240084,0.2034332042298317,"case",6,"case6lag_wkavg ~ PM25_wk_avg+month+pop_density_new+P0020002+P0020003+P0020005","lm_adj_below30 month+pop_density_new+P0020002+P0020003+P0020005"
-2.7965787321275775,-7.678271817581826,2.085114353326671,0.2611385645975358,"hospitalized",10,"hospitalized10lag_wkavg ~ PM25_wk_avg+month+pop_density_new+P0020002+P0020003+P0020005","lm_adj_below30 month+pop_density_new+P0020002+P0020003+P0020005"
-0.37948493118438326,-1.4030614313067051,0.6440915689379385,0.4669859818703035,"ICU",14,"ICU14lag_wkavg ~ PM25_wk_avg+month+pop_density_new+P0020002+P0020003+P0020005","lm_adj_below30 month+pop_density_new+P0020002+P0020003+P0020005"
-0.023225507841195307,-0.08742121243723797,0.040970196754847345,0.477807066836873,"death",18,"death18lag_wkavg ~ PM25_wk_avg+month+pop_density_new+P0020002+P0020003+P0020005","lm_adj_below30 month+pop_density_new+P0020002+P0020003+P0020005"
-0.023627840642905244,-0.08559836648928547,0.038342685203474974,0.454431777409697,"death",21,"death21lag_wkavg ~ PM25_wk_avg+month+pop_density_new+P0020002+P0020003+P0020005","lm_adj_below30 month+pop_density_new+P0020002+P0020003+P0020005"
-3.7236451027479016,-6.842802422174103,-0.6044877833217002,0.019293969626315355,"case",3,"case3lag_wkavg ~ PM25_wk_avg+month+pop_density_new+P0020002+P0020003+P0020005","geeglm_adj_below30 month+pop_density_new+P0020002+P0020003+P0020005"
-5.812642568679468,-12.926643139511274,1.3013580021523374,0.10928183217154563,"case",6,"case6lag_wkavg ~ PM25_wk_avg+month+pop_density_new+P0020002+P0020003+P0020005","geeglm_adj_below30 month+pop_density_new+P0020002+P0020003+P0020005"
-2.0979703339614764,-4.6834933823399965,0.4875527144170442,0.11175073100606636,"hospitalized",10,"hospitalized10lag_wkavg ~ PM25_wk_avg+month+pop_density_new+P0020002+P0020003+P0020005","geeglm_adj_below30 month+pop_density_new+P0020002+P0020003+P0020005"
-0.2322274724106142,-0.8007746685935786,0.33631972377235014,0.4233850516393105,"ICU",14,"ICU14lag_wkavg ~ PM25_wk_avg+month+pop_density_new+P0020002+P0020003+P0020005","geeglm_adj_below30 month+pop_density_new+P0020002+P0020003+P0020005"
-0.007985841544240807,-0.04242948890664214,0.026457805818160526,0.6495248974244354,"death",18,"death18lag_wkavg ~ PM25_wk_avg+month+pop_density_new+P0020002+P0020003+P0020005","geeglm_adj_below30 month+pop_density_new+P0020002+P0020003+P0020005"
-0.0182211995081797,-0.06254054423756616,0.02609814522120677,0.42035340510634744,"death",21,"death21lag_wkavg ~ PM25_wk_avg+month+pop_density_new+P0020002+P0020003+P0020005","geeglm_adj_below30 month+pop_density_new+P0020002+P0020003+P0020005"
-3.7236451027479016,-6.842802422174103,-0.6044877833217002,0.019293969626315355,"case",3,"case3lag_wkavg ~ PM25_wk_avg+month+pop_density_new+P0020002+P0020003+P0020005","geeglm_adj_above30 month+pop_density_new+P0020002+P0020003+P0020005"
-5.812642568679468,-12.926643139511274,1.3013580021523374,0.10928183217154563,"case",6,"case6lag_wkavg ~ PM25_wk_avg+month+pop_density_new+P0020002+P0020003+P0020005","geeglm_adj_above30 month+pop_density_new+P0020002+P0020003+P0020005"
-2.0979703339614764,-4.6834933823399965,0.4875527144170442,0.11175073100606636,"hospitalized",10,"hospitalized10lag_wkavg ~ PM25_wk_avg+month+pop_density_new+P0020002+P0020003+P0020005","geeglm_adj_above30 month+pop_density_new+P0020002+P0020003+P0020005"
-0.2322274724106142,-0.8007746685935786,0.33631972377235014,0.4233850516393105,"ICU",14,"ICU14lag_wkavg ~ PM25_wk_avg+month+pop_density_new+P0020002+P0020003+P0020005","geeglm_adj_above30 month+pop_density_new+P0020002+P0020003+P0020005"
-0.007985841544240807,-0.04242948890664214,0.026457805818160526,0.6495248974244354,"death",18,"death18lag_wkavg ~ PM25_wk_avg+month+pop_density_new+P0020002+P0020003+P0020005","geeglm_adj_above30 month+pop_density_new+P0020002+P0020003+P0020005"
-0.0182211995081797,-0.06254054423756616,0.02609814522120677,0.42035340510634744,"death",21,"death21lag_wkavg ~ PM25_wk_avg+month+pop_density_new+P0020002+P0020003+P0020005","geeglm_adj_above30 month+pop_density_new+P0020002+P0020003+P0020005"
-0.01316580687956761,-0.02655050343321915,5.027569806118031e-4,0.04421624731041019,"case",3,"case3lag_wkavg ~ PM25_wk_avg+month+pop_density_new+P0020002+P0020003+P0020005","nbglm_adj_below30 month+pop_density_new+P0020002+P0020003+P0020005"
-0.0078590339275558755,-0.022460925086186086,0.007053748903561336,0.26868103428245965,"case",6,"case6lag_wkavg ~ PM25_wk_avg+month+pop_density_new+P0020002+P0020003+P0020005","nbglm_adj_below30 month+pop_density_new+P0020002+P0020003+P0020005"
0.006573010008832263,-0.00883329132373647,0.02233452517379812,0.3779149952655165,"hospitalized",10,"hospitalized10lag_wkavg ~ PM25_wk_avg+month+pop_density_new+P0020002+P0020003+P0020005","nbglm_adj_below30 month+pop_density_new+P0020002+P0020003+P0020005"
0.004208121101485884,-0.01127350965460814,0.020046468496370325,0.5742525964977484,"ICU",14,"ICU14lag_wkavg ~ PM25_wk_avg+month+pop_density_new+P0020002+P0020003+P0020005","nbglm_adj_below30 month+pop_density_new+P0020002+P0020003+P0020005"
0.009242186649572933,-0.013270823686669304,0.03218792900619055,0.37870794651278117,"death",18,"death18lag_wkavg ~ PM25_wk_avg+month+pop_density_new+P0020002+P0020003+P0020005","nbglm_adj_below30 month+pop_density_new+P0020002+P0020003+P0020005"
0.0108954980066381,-0.01166263439442289,0.033883923727557635,0.31012191198792083,"death",21,"death21lag_wkavg ~ PM25_wk_avg+month+pop_density_new+P0020002+P0020003+P0020005","nbglm_adj_below30 month+pop_density_new+P0020002+P0020003+P0020005"
-0.01316580687956761,-0.02655050343321915,5.027569806118031e-4,0.04421624731041019,"case",3,"case3lag_wkavg ~ PM25_wk_avg+month+pop_density_new+P0020002+P0020003+P0020005","nbglm_adj_above30 month+pop_density_new+P0020002+P0020003+P0020005"
-0.0078590339275558755,-0.022460925086186086,0.007053748903561336,0.26868103428245965,"case",6,"case6lag_wkavg ~ PM25_wk_avg+month+pop_density_new+P0020002+P0020003+P0020005","nbglm_adj_above30 month+pop_density_new+P0020002+P0020003+P0020005"
0.006573010008832263,-0.00883329132373647,0.02233452517379812,0.3779149952655165,"hospitalized",10,"hospitalized10lag_wkavg ~ PM25_wk_avg+month+pop_density_new+P0020002+P0020003+P0020005","nbglm_adj_above30 month+pop_density_new+P0020002+P0020003+P0020005"
0.004208121101485884,-0.01127350965460814,0.020046468496370325,0.5742525964977484,"ICU",14,"ICU14lag_wkavg ~ PM25_wk_avg+month+pop_density_new+P0020002+P0020003+P0020005","nbglm_adj_above30 month+pop_density_new+P0020002+P0020003+P0020005"
0.009242186649572933,-0.013270823686669304,0.03218792900619055,0.37870794651278117,"death",18,"death18lag_wkavg ~ PM25_wk_avg+month+pop_density_new+P0020002+P0020003+P0020005","nbglm_adj_above30 month+pop_density_new+P0020002+P0020003+P0020005"
0.0108954980066381,-0.01166263439442289,0.033883923727557635,0.31012191198792083,"death",21,"death21lag_wkavg ~ PM25_wk_avg+month+pop_density_new+P0020002+P0020003+P0020005","nbglm_adj_above30 month+pop_density_new+P0020002+P0020003+P0020005"
-6.36342016023618,-16.59406952191834,3.867229201445979,0.22247235309301253,"case",3,"case3lag_wkavg ~ PM25_wk_avg+month+pop_density_new+P0020002+P0020003+P0020005+P0020006","lm_adj_below30 month+pop_density_new+P0020002+P0020003+P0020005+P0020006"
-9.571760953952536,-24.33320351095186,5.18968160304679,0.20345227464572888,"case",6,"case6lag_wkavg ~ PM25_wk_avg+month+pop_density_new+P0020002+P0020003+P0020005+P0020006","lm_adj_below30 month+pop_density_new+P0020002+P0020003+P0020005+P0020006"
-2.796768230786809,-7.678787554138593,2.0852510925649743,0.26113764724842053,"hospitalized",10,"hospitalized10lag_wkavg ~ PM25_wk_avg+month+pop_density_new+P0020002+P0020003+P0020005+P0020006","lm_adj_below30 month+pop_density_new+P0020002+P0020003+P0020005+P0020006"
-0.3795323614285404,-1.4029356798730377,0.6438709570159569,0.4668543978098947,"ICU",14,"ICU14lag_wkavg ~ PM25_wk_avg+month+pop_density_new+P0020002+P0020003+P0020005+P0020006","lm_adj_below30 month+pop_density_new+P0020002+P0020003+P0020005+P0020006"
-0.023228006724457444,-0.08742780317031562,0.040971789721400725,0.47778720350673787,"death",18,"death18lag_wkavg ~ PM25_wk_avg+month+pop_density_new+P0020002+P0020003+P0020005+P0020006","lm_adj_below30 month+pop_density_new+P0020002+P0020003+P0020005+P0020006"
-0.023631793850929637,-0.08554790748404342,0.038284319782184155,0.45395944617575834,"death",21,"death21lag_wkavg ~ PM25_wk_avg+month+pop_density_new+P0020002+P0020003+P0020005+P0020006","lm_adj_below30 month+pop_density_new+P0020002+P0020003+P0020005+P0020006"
-6.36342016023618,-16.59406952191834,3.867229201445979,0.22247235309301253,"case",3,"case3lag_wkavg ~ PM25_wk_avg+month+pop_density_new+P0020002+P0020003+P0020005+P0020006","lm_adj_below30 month+pop_density_new+P0020002+P0020003+P0020005+P0020006"
-9.571760953952536,-24.33320351095186,5.18968160304679,0.20345227464572888,"case",6,"case6lag_wkavg ~ PM25_wk_avg+month+pop_density_new+P0020002+P0020003+P0020005+P0020006","lm_adj_below30 month+pop_density_new+P0020002+P0020003+P0020005+P0020006"
-2.796768230786809,-7.678787554138593,2.0852510925649743,0.26113764724842053,"hospitalized",10,"hospitalized10lag_wkavg ~ PM25_wk_avg+month+pop_density_new+P0020002+P0020003+P0020005+P0020006","lm_adj_below30 month+pop_density_new+P0020002+P0020003+P0020005+P0020006"
-0.3795323614285404,-1.4029356798730377,0.6438709570159569,0.4668543978098947,"ICU",14,"ICU14lag_wkavg ~ PM25_wk_avg+month+pop_density_new+P0020002+P0020003+P0020005+P0020006","lm_adj_below30 month+pop_density_new+P0020002+P0020003+P0020005+P0020006"
-0.023228006724457444,-0.08742780317031562,0.040971789721400725,0.47778720350673787,"death",18,"death18lag_wkavg ~ PM25_wk_avg+month+pop_density_new+P0020002+P0020003+P0020005+P0020006","lm_adj_below30 month+pop_density_new+P0020002+P0020003+P0020005+P0020006"
-0.023631793850929637,-0.08554790748404342,0.038284319782184155,0.45395944617575834,"death",21,"death21lag_wkavg ~ PM25_wk_avg+month+pop_density_new+P0020002+P0020003+P0020005+P0020006","lm_adj_below30 month+pop_density_new+P0020002+P0020003+P0020005+P0020006"
-3.726505650837639,-6.8309340466115005,-0.6220772550637772,0.018637209080193506,"case",3,"case3lag_wkavg ~ PM25_wk_avg+month+pop_density_new+P0020002+P0020003+P0020005+P0020006","geeglm_adj_below30 month+pop_density_new+P0020002+P0020003+P0020005+P0020006"
-5.818457676151176,-12.856733069628373,1.2198177173260198,0.10517242880321209,"case",6,"case6lag_wkavg ~ PM25_wk_avg+month+pop_density_new+P0020002+P0020003+P0020005+P0020006","geeglm_adj_below30 month+pop_density_new+P0020002+P0020003+P0020005+P0020006"
-2.0991056259371788,-4.674014398895639,0.47580314702128135,0.1100890345690303,"hospitalized",10,"hospitalized10lag_wkavg ~ PM25_wk_avg+month+pop_density_new+P0020002+P0020003+P0020005+P0020006","geeglm_adj_below30 month+pop_density_new+P0020002+P0020003+P0020005+P0020006"
-0.2325174273608377,-0.7997358570812995,0.3347010023596241,0.42172065851042395,"ICU",14,"ICU14lag_wkavg ~ PM25_wk_avg+month+pop_density_new+P0020002+P0020003+P0020005+P0020006","geeglm_adj_below30 month+pop_density_new+P0020002+P0020003+P0020005+P0020006"
-0.007996526291660422,-0.04216151763714157,0.026168465053820728,0.6464197212875669,"death",18,"death18lag_wkavg ~ PM25_wk_avg+month+pop_density_new+P0020002+P0020003+P0020005+P0020006","geeglm_adj_below30 month+pop_density_new+P0020002+P0020003+P0020005+P0020006"
-0.01823060589020799,-0.06241425849031157,0.02595304670989559,0.418687583597283,"death",21,"death21lag_wkavg ~ PM25_wk_avg+month+pop_density_new+P0020002+P0020003+P0020005+P0020006","geeglm_adj_below30 month+pop_density_new+P0020002+P0020003+P0020005+P0020006"
-3.726505650837639,-6.8309340466115005,-0.6220772550637772,0.018637209080193506,"case",3,"case3lag_wkavg ~ PM25_wk_avg+month+pop_density_new+P0020002+P0020003+P0020005+P0020006","geeglm_adj_above30 month+pop_density_new+P0020002+P0020003+P0020005+P0020006"
-5.818457676151176,-12.856733069628373,1.2198177173260198,0.10517242880321209,"case",6,"case6lag_wkavg ~ PM25_wk_avg+month+pop_density_new+P0020002+P0020003+P0020005+P0020006","geeglm_adj_above30 month+pop_density_new+P0020002+P0020003+P0020005+P0020006"
-2.0991056259371788,-4.674014398895639,0.47580314702128135,0.1100890345690303,"hospitalized",10,"hospitalized10lag_wkavg ~ PM25_wk_avg+month+pop_density_new+P0020002+P0020003+P0020005+P0020006","geeglm_adj_above30 month+pop_density_new+P0020002+P0020003+P0020005+P0020006"
-0.2325174273608377,-0.7997358570812995,0.3347010023596241,0.42172065851042395,"ICU",14,"ICU14lag_wkavg ~ PM25_wk_avg+month+pop_density_new+P0020002+P0020003+P0020005+P0020006","geeglm_adj_above30 month+pop_density_new+P0020002+P0020003+P0020005+P0020006"
-0.007996526291660422,-0.04216151763714157,0.026168465053820728,0.6464197212875669,"death",18,"death18lag_wkavg ~ PM25_wk_avg+month+pop_density_new+P0020002+P0020003+P0020005+P0020006","geeglm_adj_above30 month+pop_density_new+P0020002+P0020003+P0020005+P0020006"
-0.01823060589020799,-0.06241425849031157,0.02595304670989559,0.418687583597283,"death",21,"death21lag_wkavg ~ PM25_wk_avg+month+pop_density_new+P0020002+P0020003+P0020005+P0020006","geeglm_adj_above30 month+pop_density_new+P0020002+P0020003+P0020005+P0020006"
-0.013328693948702727,-0.026733152578127518,3.5765807880874475e-4,0.041611060646376576,"case",3,"case3lag_wkavg ~ PM25_wk_avg+month+pop_density_new+P0020002+P0020003+P0020005+P0020006","nbglm_adj_below30 month+pop_density_new+P0020002+P0020003+P0020005+P0020006"
-0.007884991623957163,-0.022495476924629332,0.00703441070225617,0.2670966514531396,"case",6,"case6lag_wkavg ~ PM25_wk_avg+month+pop_density_new+P0020002+P0020003+P0020005+P0020006","nbglm_adj_below30 month+pop_density_new+P0020002+P0020003+P0020005+P0020006"
0.006310253614107665,-0.009135851436096201,0.022105916490780433,0.39718753969690707,"hospitalized",10,"hospitalized10lag_wkavg ~ PM25_wk_avg+month+pop_density_new+P0020002+P0020003+P0020005+P0020006","nbglm_adj_below30 month+pop_density_new+P0020002+P0020003+P0020005+P0020006"
0.003947442295309699,-0.011559868399405019,0.01980871077805838,0.5980529131211028,"ICU",14,"ICU14lag_wkavg ~ PM25_wk_avg+month+pop_density_new+P0020002+P0020003+P0020005+P0020006","nbglm_adj_below30 month+pop_density_new+P0020002+P0020003+P0020005+P0020006"
0.009030916398635675,-0.013480338994482132,0.03197944201405866,0.3896849292394978,"death",18,"death18lag_wkavg ~ PM25_wk_avg+month+pop_density_new+P0020002+P0020003+P0020005+P0020006","nbglm_adj_below30 month+pop_density_new+P0020002+P0020003+P0020005+P0020006"
0.010881007517503809,-0.011733762225814896,0.033937209535501056,0.31088714539543,"death",21,"death21lag_wkavg ~ PM25_wk_avg+month+pop_density_new+P0020002+P0020003+P0020005+P0020006","nbglm_adj_below30 month+pop_density_new+P0020002+P0020003+P0020005+P0020006"
-0.013328693948702727,-0.026733152578127518,3.5765807880874475e-4,0.041611060646376576,"case",3,"case3lag_wkavg ~ PM25_wk_avg+month+pop_density_new+P0020002+P0020003+P0020005+P0020006","nbglm_adj_above30 month+pop_density_new+P0020002+P0020003+P0020005+P0020006"
-0.007884991623957163,-0.022495476924629332,0.00703441070225617,0.2670966514531396,"case",6,"case6lag_wkavg ~ PM25_wk_avg+month+pop_density_new+P0020002+P0020003+P0020005+P0020006","nbglm_adj_above30 month+pop_density_new+P0020002+P0020003+P0020005+P0020006"
0.006310253614107665,-0.009135851436096201,0.022105916490780433,0.39718753969690707,"hospitalized",10,"hospitalized10lag_wkavg ~ PM25_wk_avg+month+pop_density_new+P0020002+P0020003+P0020005+P0020006","nbglm_adj_above30 month+pop_density_new+P0020002+P0020003+P0020005+P0020006"
0.003947442295309699,-0.011559868399405019,0.01980871077805838,0.5980529131211028,"ICU",14,"ICU14lag_wkavg ~ PM25_wk_avg+month+pop_density_new+P0020002+P0020003+P0020005+P0020006","nbglm_adj_above30 month+pop_density_new+P0020002+P0020003+P0020005+P0020006"
0.009030916398635675,-0.013480338994482132,0.03197944201405866,0.3896849292394978,"death",18,"death18lag_wkavg ~ PM25_wk_avg+month+pop_density_new+P0020002+P0020003+P0020005+P0020006","nbglm_adj_above30 month+pop_density_new+P0020002+P0020003+P0020005+P0020006"
0.010881007517503809,-0.011733762225814896,0.033937209535501056,0.31088714539543,"death",21,"death21lag_wkavg ~ PM25_wk_avg+month+pop_density_new+P0020002+P0020003+P0020005+P0020006","nbglm_adj_above30 month+pop_density_new+P0020002+P0020003+P0020005+P0020006"
-6.788989213504905,-17.168601050362106,3.5906226233522958,0.19955219112022235,"case",3,"case3lag_wkavg ~ PM25_wk_avg+month+pop_density_new+P0020002+P0020003+P0020005+P0020006+P0020007","lm_adj_below30 month+pop_density_new+P0020002+P0020003+P0020005+P0020006+P0020007"
-10.357861409881435,-25.332840273034545,4.617117453271675,0.1749377529372482,"case",6,"case6lag_wkavg ~ PM25_wk_avg+month+pop_density_new+P0020002+P0020003+P0020005+P0020006+P0020007","lm_adj_below30 month+pop_density_new+P0020002+P0020003+P0020005+P0020006+P0020007"
-3.13293989647936,-8.084785502356173,1.8189057093974523,0.2146352703909354,"hospitalized",10,"hospitalized10lag_wkavg ~ PM25_wk_avg+month+pop_density_new+P0020002+P0020003+P0020005+P0020006+P0020007","lm_adj_below30 month+pop_density_new+P0020002+P0020003+P0020005+P0020006+P0020007"
-0.42722475511049324,-1.4654906005875281,0.6110410903665415,0.4195026388234472,"ICU",14,"ICU14lag_wkavg ~ PM25_wk_avg+month+pop_density_new+P0020002+P0020003+P0020005+P0020006+P0020007","lm_adj_below30 month+pop_density_new+P0020002+P0020003+P0020005+P0020006+P0020007"
-0.025439110458693133,-0.09057667135115763,0.039698450433771355,0.4435407995385825,"death",18,"death18lag_wkavg ~ PM25_wk_avg+month+pop_density_new+P0020002+P0020003+P0020005+P0020006+P0020007","lm_adj_below30 month+pop_density_new+P0020002+P0020003+P0020005+P0020006+P0020007"
-0.027006582246421742,-0.08981764809006958,0.035804483597226086,0.3989282052245642,"death",21,"death21lag_wkavg ~ PM25_wk_avg+month+pop_density_new+P0020002+P0020003+P0020005+P0020006+P0020007","lm_adj_below30 month+pop_density_new+P0020002+P0020003+P0020005+P0020006+P0020007"
-6.788989213504905,-17.168601050362106,3.5906226233522958,0.19955219112022235,"case",3,"case3lag_wkavg ~ PM25_wk_avg+month+pop_density_new+P0020002+P0020003+P0020005+P0020006+P0020007","lm_adj_below30 month+pop_density_new+P0020002+P0020003+P0020005+P0020006+P0020007"
-10.357861409881435,-25.332840273034545,4.617117453271675,0.1749377529372482,"case",6,"case6lag_wkavg ~ PM25_wk_avg+month+pop_density_new+P0020002+P0020003+P0020005+P0020006+P0020007","lm_adj_below30 month+pop_density_new+P0020002+P0020003+P0020005+P0020006+P0020007"
-3.13293989647936,-8.084785502356173,1.8189057093974523,0.2146352703909354,"hospitalized",10,"hospitalized10lag_wkavg ~ PM25_wk_avg+month+pop_density_new+P0020002+P0020003+P0020005+P0020006+P0020007","lm_adj_below30 month+pop_density_new+P0020002+P0020003+P0020005+P0020006+P0020007"
-0.42722475511049324,-1.4654906005875281,0.6110410903665415,0.4195026388234472,"ICU",14,"ICU14lag_wkavg ~ PM25_wk_avg+month+pop_density_new+P0020002+P0020003+P0020005+P0020006+P0020007","lm_adj_below30 month+pop_density_new+P0020002+P0020003+P0020005+P0020006+P0020007"
-0.025439110458693133,-0.09057667135115763,0.039698450433771355,0.4435407995385825,"death",18,"death18lag_wkavg ~ PM25_wk_avg+month+pop_density_new+P0020002+P0020003+P0020005+P0020006+P0020007","lm_adj_below30 month+pop_density_new+P0020002+P0020003+P0020005+P0020006+P0020007"
-0.027006582246421742,-0.08981764809006958,0.035804483597226086,0.3989282052245642,"death",21,"death21lag_wkavg ~ PM25_wk_avg+month+pop_density_new+P0020002+P0020003+P0020005+P0020006+P0020007","lm_adj_below30 month+pop_density_new+P0020002+P0020003+P0020005+P0020006+P0020007"
-3.800212727843195,-6.891437764027164,-0.7089876916592264,0.015974773404174747,"case",3,"case3lag_wkavg ~ PM25_wk_avg+month+pop_density_new+P0020002+P0020003+P0020005+P0020006+P0020007","geeglm_adj_below30 month+pop_density_new+P0020002+P0020003+P0020005+P0020006+P0020007"
-6.187840603212707,-13.406404596382647,1.030723389957232,0.0929369080160618,"case",6,"case6lag_wkavg ~ PM25_wk_avg+month+pop_density_new+P0020002+P0020003+P0020005+P0020006+P0020007","geeglm_adj_below30 month+pop_density_new+P0020002+P0020003+P0020005+P0020006+P0020007"
-2.2001314661416256,-4.841160860073487,0.4408979277902354,0.10251858405706693,"hospitalized",10,"hospitalized10lag_wkavg ~ PM25_wk_avg+month+pop_density_new+P0020002+P0020003+P0020005+P0020006+P0020007","geeglm_adj_below30 month+pop_density_new+P0020002+P0020003+P0020005+P0020006+P0020007"
-0.24579617660946554,-0.8290801314577095,0.3374877782387785,0.4088438628852802,"ICU",14,"ICU14lag_wkavg ~ PM25_wk_avg+month+pop_density_new+P0020002+P0020003+P0020005+P0020006+P0020007","geeglm_adj_below30 month+pop_density_new+P0020002+P0020003+P0020005+P0020006+P0020007"
-0.008505384206441032,-0.043965036222159776,0.026954267809277708,0.638270190236071,"death",18,"death18lag_wkavg ~ PM25_wk_avg+month+pop_density_new+P0020002+P0020003+P0020005+P0020006+P0020007","geeglm_adj_below30 month+pop_density_new+P0020002+P0020003+P0020005+P0020006+P0020007"
-0.01928573483643303,-0.06500512454774111,0.026433654874875052,0.4083683562259185,"death",21,"death21lag_wkavg ~ PM25_wk_avg+month+pop_density_new+P0020002+P0020003+P0020005+P0020006+P0020007","geeglm_adj_below30 month+pop_density_new+P0020002+P0020003+P0020005+P0020006+P0020007"
-3.800212727843195,-6.891437764027164,-0.7089876916592264,0.015974773404174747,"case",3,"case3lag_wkavg ~ PM25_wk_avg+month+pop_density_new+P0020002+P0020003+P0020005+P0020006+P0020007","geeglm_adj_above30 month+pop_density_new+P0020002+P0020003+P0020005+P0020006+P0020007"
-6.187840603212707,-13.406404596382647,1.030723389957232,0.0929369080160618,"case",6,"case6lag_wkavg ~ PM25_wk_avg+month+pop_density_new+P0020002+P0020003+P0020005+P0020006+P0020007","geeglm_adj_above30 month+pop_density_new+P0020002+P0020003+P0020005+P0020006+P0020007"
-2.2001314661416256,-4.841160860073487,0.4408979277902354,0.10251858405706693,"hospitalized",10,"hospitalized10lag_wkavg ~ PM25_wk_avg+month+pop_density_new+P0020002+P0020003+P0020005+P0020006+P0020007","geeglm_adj_above30 month+pop_density_new+P0020002+P0020003+P0020005+P0020006+P0020007"
-0.24579617660946554,-0.8290801314577095,0.3374877782387785,0.4088438628852802,"ICU",14,"ICU14lag_wkavg ~ PM25_wk_avg+month+pop_density_new+P0020002+P0020003+P0020005+P0020006+P0020007","geeglm_adj_above30 month+pop_density_new+P0020002+P0020003+P0020005+P0020006+P0020007"
-0.008505384206441032,-0.043965036222159776,0.026954267809277708,0.638270190236071,"death",18,"death18lag_wkavg ~ PM25_wk_avg+month+pop_density_new+P0020002+P0020003+P0020005+P0020006+P0020007","geeglm_adj_above30 month+pop_density_new+P0020002+P0020003+P0020005+P0020006+P0020007"
-0.01928573483643303,-0.06500512454774111,0.026433654874875052,0.4083683562259185,"death",21,"death21lag_wkavg ~ PM25_wk_avg+month+pop_density_new+P0020002+P0020003+P0020005+P0020006+P0020007","geeglm_adj_above30 month+pop_density_new+P0020002+P0020003+P0020005+P0020006+P0020007"
-0.027965649073457232,-0.040853044905219627,-0.014803418765734886,8.492659227534754e-6,"case",3,"case3lag_wkavg ~ PM25_wk_avg+month+pop_density_new+P0020002+P0020003+P0020005+P0020006+P0020007","nbglm_adj_below30 month+pop_density_new+P0020002+P0020003+P0020005+P0020006+P0020007"
-0.020255729166794804,-0.03458253971107005,-0.005628864350982257,0.003499525033888008,"case",6,"case6lag_wkavg ~ PM25_wk_avg+month+pop_density_new+P0020002+P0020003+P0020005+P0020006+P0020007","nbglm_adj_below30 month+pop_density_new+P0020002+P0020003+P0020005+P0020006+P0020007"
-0.010488363878327902,-0.025421571297975953,0.004769497505745834,0.14238356755909207,"hospitalized",10,"hospitalized10lag_wkavg ~ PM25_wk_avg+month+pop_density_new+P0020002+P0020003+P0020005+P0020006+P0020007","nbglm_adj_below30 month+pop_density_new+P0020002+P0020003+P0020005+P0020006+P0020007"
-0.010612793037725153,-0.02565055540330569,0.004738345819600731,0.14134317013790176,"ICU",14,"ICU14lag_wkavg ~ PM25_wk_avg+month+pop_density_new+P0020002+P0020003+P0020005+P0020006+P0020007","nbglm_adj_below30 month+pop_density_new+P0020002+P0020003+P0020005+P0020006+P0020007"
-0.0034002152209451587,-0.02577171778302834,0.019242256630695554,0.7412301456911861,"death",18,"death18lag_wkavg ~ PM25_wk_avg+month+pop_density_new+P0020002+P0020003+P0020005+P0020006+P0020007","nbglm_adj_below30 month+pop_density_new+P0020002+P0020003+P0020005+P0020006+P0020007"
-0.0042055806744395,-0.026965079615795525,0.018834026026241433,0.6910227412442306,"death",21,"death21lag_wkavg ~ PM25_wk_avg+month+pop_density_new+P0020002+P0020003+P0020005+P0020006+P0020007","nbglm_adj_below30 month+pop_density_new+P0020002+P0020003+P0020005+P0020006+P0020007"
-0.027965649073457232,-0.040853044905219627,-0.014803418765734886,8.492659227534754e-6,"case",3,"case3lag_wkavg ~ PM25_wk_avg+month+pop_density_new+P0020002+P0020003+P0020005+P0020006+P0020007","nbglm_adj_above30 month+pop_density_new+P0020002+P0020003+P0020005+P0020006+P0020007"
-0.020255729166794804,-0.03458253971107005,-0.005628864350982257,0.003499525033888008,"case",6,"case6lag_wkavg ~ PM25_wk_avg+month+pop_density_new+P0020002+P0020003+P0020005+P0020006+P0020007","nbglm_adj_above30 month+pop_density_new+P0020002+P0020003+P0020005+P0020006+P0020007"
-0.010488363878327902,-0.025421571297975953,0.004769497505745834,0.14238356755909207,"hospitalized",10,"hospitalized10lag_wkavg ~ PM25_wk_avg+month+pop_density_new+P0020002+P0020003+P0020005+P0020006+P0020007","nbglm_adj_above30 month+pop_density_new+P0020002+P0020003+P0020005+P0020006+P0020007"
-0.010612793037725153,-0.02565055540330569,0.004738345819600731,0.14134317013790176,"ICU",14,"ICU14lag_wkavg ~ PM25_wk_avg+month+pop_density_new+P0020002+P0020003+P0020005+P0020006+P0020007","nbglm_adj_above30 month+pop_density_new+P0020002+P0020003+P0020005+P0020006+P0020007"
-0.0034002152209451587,-0.02577171778302834,0.019242256630695554,0.7412301456911861,"death",18,"death18lag_wkavg ~ PM25_wk_avg+month+pop_density_new+P0020002+P0020003+P0020005+P0020006+P0020007","nbglm_adj_above30 month+pop_density_new+P0020002+P0020003+P0020005+P0020006+P0020007"
-0.0042055806744395,-0.026965079615795525,0.018834026026241433,0.6910227412442306,"death",21,"death21lag_wkavg ~ PM25_wk_avg+month+pop_density_new+P0020002+P0020003+P0020005+P0020006+P0020007","nbglm_adj_above30 month+pop_density_new+P0020002+P0020003+P0020005+P0020006+P0020007"
-6.843110627739997,-17.285947771882,3.599726516402007,0.19871367114399677,"case",3,"case3lag_wkavg ~ PM25_wk_avg+month+pop_density_new+P0020002+P0020003+P0020005+P0020006+P0020007+P0020008","lm_adj_below30 month+pop_density_new+P0020002+P0020003+P0020005+P0020006+P0020007+P0020008"
-10.342488417388756,-25.408770231680187,4.723793396902675,0.17820628939050093,"case",6,"case6lag_wkavg ~ PM25_wk_avg+month+pop_density_new+P0020002+P0020003+P0020005+P0020006+P0020007+P0020008","lm_adj_below30 month+pop_density_new+P0020002+P0020003+P0020005+P0020006+P0020007+P0020008"
-3.1268555606434933,-8.108892240754459,1.8551811194674723,0.21831714981832645,"hospitalized",10,"hospitalized10lag_wkavg ~ PM25_wk_avg+month+pop_density_new+P0020002+P0020003+P0020005+P0020006+P0020007+P0020008","lm_adj_below30 month+pop_density_new+P0020002+P0020003+P0020005+P0020006+P0020007+P0020008"
-0.41403937519367295,-1.458599051153263,0.6305203007659171,0.43676500737655755,"ICU",14,"ICU14lag_wkavg ~ PM25_wk_avg+month+pop_density_new+P0020002+P0020003+P0020005+P0020006+P0020007+P0020008","lm_adj_below30 month+pop_density_new+P0020002+P0020003+P0020005+P0020006+P0020007+P0020008"
-0.024663425453864126,-0.0901961199284606,0.040869269020732346,0.4602741672240337,"death",18,"death18lag_wkavg ~ PM25_wk_avg+month+pop_density_new+P0020002+P0020003+P0020005+P0020006+P0020007+P0020008","lm_adj_below30 month+pop_density_new+P0020002+P0020003+P0020005+P0020006+P0020007+P0020008"
-0.02677853069838903,-0.08997239052895523,0.036415329132177175,0.4057738869318007,"death",21,"death21lag_wkavg ~ PM25_wk_avg+month+pop_density_new+P0020002+P0020003+P0020005+P0020006+P0020007+P0020008","lm_adj_below30 month+pop_density_new+P0020002+P0020003+P0020005+P0020006+P0020007+P0020008"
-6.843110627739997,-17.285947771882,3.599726516402007,0.19871367114399677,"case",3,"case3lag_wkavg ~ PM25_wk_avg+month+pop_density_new+P0020002+P0020003+P0020005+P0020006+P0020007+P0020008","lm_adj_below30 month+pop_density_new+P0020002+P0020003+P0020005+P0020006+P0020007+P0020008"
-10.342488417388756,-25.408770231680187,4.723793396902675,0.17820628939050093,"case",6,"case6lag_wkavg ~ PM25_wk_avg+month+pop_density_new+P0020002+P0020003+P0020005+P0020006+P0020007+P0020008","lm_adj_below30 month+pop_density_new+P0020002+P0020003+P0020005+P0020006+P0020007+P0020008"
-3.1268555606434933,-8.108892240754459,1.8551811194674723,0.21831714981832645,"hospitalized",10,"hospitalized10lag_wkavg ~ PM25_wk_avg+month+pop_density_new+P0020002+P0020003+P0020005+P0020006+P0020007+P0020008","lm_adj_below30 month+pop_density_new+P0020002+P0020003+P0020005+P0020006+P0020007+P0020008"
-0.41403937519367295,-1.458599051153263,0.6305203007659171,0.43676500737655755,"ICU",14,"ICU14lag_wkavg ~ PM25_wk_avg+month+pop_density_new+P0020002+P0020003+P0020005+P0020006+P0020007+P0020008","lm_adj_below30 month+pop_density_new+P0020002+P0020003+P0020005+P0020006+P0020007+P0020008"
-0.024663425453864126,-0.0901961199284606,0.040869269020732346,0.4602741672240337,"death",18,"death18lag_wkavg ~ PM25_wk_avg+month+pop_density_new+P0020002+P0020003+P0020005+P0020006+P0020007+P0020008","lm_adj_below30 month+pop_density_new+P0020002+P0020003+P0020005+P0020006+P0020007+P0020008"
-0.02677853069838903,-0.08997239052895523,0.036415329132177175,0.4057738869318007,"death",21,"death21lag_wkavg ~ PM25_wk_avg+month+pop_density_new+P0020002+P0020003+P0020005+P0020006+P0020007+P0020008","lm_adj_below30 month+pop_density_new+P0020002+P0020003+P0020005+P0020006+P0020007+P0020008"
-3.783306303572923,-6.86008626436044,-0.706526342785406,0.0159510370467576,"case",3,"case3lag_wkavg ~ PM25_wk_avg+month+pop_density_new+P0020002+P0020003+P0020005+P0020006+P0020007+P0020008","geeglm_adj_below30 month+pop_density_new+P0020002+P0020003+P0020005+P0020006+P0020007+P0020008"
-6.107096386872104,-13.194694895182842,0.9805021214386338,0.09125363626866034,"case",6,"case6lag_wkavg ~ PM25_wk_avg+month+pop_density_new+P0020002+P0020003+P0020005+P0020006+P0020007+P0020008","geeglm_adj_below30 month+pop_density_new+P0020002+P0020003+P0020005+P0020006+P0020007+P0020008"
-2.183550101855641,-4.794828533217247,0.4277283295059653,0.10122967367571423,"hospitalized",10,"hospitalized10lag_wkavg ~ PM25_wk_avg+month+pop_density_new+P0020002+P0020003+P0020005+P0020006+P0020007+P0020008","geeglm_adj_below30 month+pop_density_new+P0020002+P0020003+P0020005+P0020006+P0020007+P0020008"
-0.23914028567864878,-0.8189673400521428,0.34068676869484527,0.4188860023550307,"ICU",14,"ICU14lag_wkavg ~ PM25_wk_avg+month+pop_density_new+P0020002+P0020003+P0020005+P0020006+P0020007+P0020008","geeglm_adj_below30 month+pop_density_new+P0020002+P0020003+P0020005+P0020006+P0020007+P0020008"
-0.008339587496065818,-0.044220763021075825,0.027541588028944193,0.6487211895035552,"death",18,"death18lag_wkavg ~ PM25_wk_avg+month+pop_density_new+P0020002+P0020003+P0020005+P0020006+P0020007+P0020008","geeglm_adj_below30 month+pop_density_new+P0020002+P0020003+P0020005+P0020006+P0020007+P0020008"
-0.019100744014941166,-0.06532760241436586,0.02712611438448353,0.4180270249083716,"death",21,"death21lag_wkavg ~ PM25_wk_avg+month+pop_density_new+P0020002+P0020003+P0020005+P0020006+P0020007+P0020008","geeglm_adj_below30 month+pop_density_new+P0020002+P0020003+P0020005+P0020006+P0020007+P0020008"
-3.783306303572923,-6.86008626436044,-0.706526342785406,0.0159510370467576,"case",3,"case3lag_wkavg ~ PM25_wk_avg+month+pop_density_new+P0020002+P0020003+P0020005+P0020006+P0020007+P0020008","geeglm_adj_above30 month+pop_density_new+P0020002+P0020003+P0020005+P0020006+P0020007+P0020008"
-6.107096386872104,-13.194694895182842,0.9805021214386338,0.09125363626866034,"case",6,"case6lag_wkavg ~ PM25_wk_avg+month+pop_density_new+P0020002+P0020003+P0020005+P0020006+P0020007+P0020008","geeglm_adj_above30 month+pop_density_new+P0020002+P0020003+P0020005+P0020006+P0020007+P0020008"
-2.183550101855641,-4.794828533217247,0.4277283295059653,0.10122967367571423,"hospitalized",10,"hospitalized10lag_wkavg ~ PM25_wk_avg+month+pop_density_new+P0020002+P0020003+P0020005+P0020006+P0020007+P0020008","geeglm_adj_above30 month+pop_density_new+P0020002+P0020003+P0020005+P0020006+P0020007+P0020008"
-0.23914028567864878,-0.8189673400521428,0.34068676869484527,0.4188860023550307,"ICU",14,"ICU14lag_wkavg ~ PM25_wk_avg+month+pop_density_new+P0020002+P0020003+P0020005+P0020006+P0020007+P0020008","geeglm_adj_above30 month+pop_density_new+P0020002+P0020003+P0020005+P0020006+P0020007+P0020008"
-0.008339587496065818,-0.044220763021075825,0.027541588028944193,0.6487211895035552,"death",18,"death18lag_wkavg ~ PM25_wk_avg+month+pop_density_new+P0020002+P0020003+P0020005+P0020006+P0020007+P0020008","geeglm_adj_above30 month+pop_density_new+P0020002+P0020003+P0020005+P0020006+P0020007+P0020008"
-0.019100744014941166,-0.06532760241436586,0.02712611438448353,0.4180270249083716,"death",21,"death21lag_wkavg ~ PM25_wk_avg+month+pop_density_new+P0020002+P0020003+P0020005+P0020006+P0020007+P0020008","geeglm_adj_above30 month+pop_density_new+P0020002+P0020003+P0020005+P0020006+P0020007+P0020008"
-0.033575049436942915,-0.04633267658377035,-0.020573005617687976,4.7532439765774545e-8,"case",3,"case3lag_wkavg ~ PM25_wk_avg+month+pop_density_new+P0020002+P0020003+P0020005+P0020006+P0020007+P0020008","nbglm_adj_below30 month+pop_density_new+P0020002+P0020003+P0020005+P0020006+P0020007+P0020008"
-0.025604640901452206,-0.03993499314201523,-0.011008962245357135,1.865626918644276e-4,"case",6,"case6lag_wkavg ~ PM25_wk_avg+month+pop_density_new+P0020002+P0020003+P0020005+P0020006+P0020007+P0020008","nbglm_adj_below30 month+pop_density_new+P0020002+P0020003+P0020005+P0020006+P0020007+P0020008"
-0.016807189785602385,-0.0317597250473386,-0.0015707931253934994,0.017078690197559948,"hospitalized",10,"hospitalized10lag_wkavg ~ PM25_wk_avg+month+pop_density_new+P0020002+P0020003+P0020005+P0020006+P0020007+P0020008","nbglm_adj_below30 month+pop_density_new+P0020002+P0020003+P0020005+P0020006+P0020007+P0020008"
-0.019464190537808453,-0.03451882031129825,-0.004152844818542865,0.006076413665782726,"ICU",14,"ICU14lag_wkavg ~ PM25_wk_avg+month+pop_density_new+P0020002+P0020003+P0020005+P0020006+P0020007+P0020008","nbglm_adj_below30 month+pop_density_new+P0020002+P0020003+P0020005+P0020006+P0020007+P0020008"
-0.010307633811418145,-0.032634782301320726,0.012250435216876406,0.31873937013426407,"death",18,"death18lag_wkavg ~ PM25_wk_avg+month+pop_density_new+P0020002+P0020003+P0020005+P0020006+P0020007+P0020008","nbglm_adj_below30 month+pop_density_new+P0020002+P0020003+P0020005+P0020006+P0020007+P0020008"
-0.011155800675525572,-0.03391427590381063,0.011844024958006951,0.295152063206834,"death",21,"death21lag_wkavg ~ PM25_wk_avg+month+pop_density_new+P0020002+P0020003+P0020005+P0020006+P0020007+P0020008","nbglm_adj_below30 month+pop_density_new+P0020002+P0020003+P0020005+P0020006+P0020007+P0020008"
-0.033575049436942915,-0.04633267658377035,-0.020573005617687976,4.7532439765774545e-8,"case",3,"case3lag_wkavg ~ PM25_wk_avg+month+pop_density_new+P0020002+P0020003+P0020005+P0020006+P0020007+P0020008","nbglm_adj_above30 month+pop_density_new+P0020002+P0020003+P0020005+P0020006+P0020007+P0020008"
-0.025604640901452206,-0.03993499314201523,-0.011008962245357135,1.865626918644276e-4,"case",6,"case6lag_wkavg ~ PM25_wk_avg+month+pop_density_new+P0020002+P0020003+P0020005+P0020006+P0020007+P0020008","nbglm_adj_above30 month+pop_density_new+P0020002+P0020003+P0020005+P0020006+P0020007+P0020008"
-0.016807189785602385,-0.0317597250473386,-0.0015707931253934994,0.017078690197559948,"hospitalized",10,"hospitalized10lag_wkavg ~ PM25_wk_avg+month+pop_density_new+P0020002+P0020003+P0020005+P0020006+P0020007+P0020008","nbglm_adj_above30 month+pop_density_new+P0020002+P0020003+P0020005+P0020006+P0020007+P0020008"
-0.019464190537808453,-0.03451882031129825,-0.004152844818542865,0.006076413665782726,"ICU",14,"ICU14lag_wkavg ~ PM25_wk_avg+month+pop_density_new+P0020002+P0020003+P0020005+P0020006+P0020007+P0020008","nbglm_adj_above30 month+pop_density_new+P0020002+P0020003+P0020005+P0020006+P0020007+P0020008"
-0.010307633811418145,-0.032634782301320726,0.012250435216876406,0.31873937013426407,"death",18,"death18lag_wkavg ~ PM25_wk_avg+month+pop_density_new+P0020002+P0020003+P0020005+P0020006+P0020007+P0020008","nbglm_adj_above30 month+pop_density_new+P0020002+P0020003+P0020005+P0020006+P0020007+P0020008"
-0.011155800675525572,-0.03391427590381063,0.011844024958006951,0.295152063206834,"death",21,"death21lag_wkavg ~ PM25_wk_avg+month+pop_density_new+P0020002+P0020003+P0020005+P0020006+P0020007+P0020008","nbglm_adj_above30 month+pop_density_new+P0020002+P0020003+P0020005+P0020006+P0020007+P0020008"
-7.03954372197812,-17.681991540418622,3.60290409646238,0.1945250902555898,"case",3,"case3lag_wkavg ~ PM25_wk_avg+month+pop_density_new+P0020002+P0020003+P0020005+P0020006+P0020007+P0020008+P0020009","lm_adj_below30 month+pop_density_new+P0020002+P0020003+P0020005+P0020006+P0020007+P0020008+P0020009"
-10.648275513651853,-26.002486061802774,4.705935034499067,0.17379964735471934,"case",6,"case6lag_wkavg ~ PM25_wk_avg+month+pop_density_new+P0020002+P0020003+P0020005+P0020006+P0020007+P0020008+P0020009","lm_adj_below30 month+pop_density_new+P0020002+P0020003+P0020005+P0020006+P0020007+P0020008+P0020009"
-3.178573310826777,-8.255919801312789,1.8987731796592344,0.21948832335689414,"hospitalized",10,"hospitalized10lag_wkavg ~ PM25_wk_avg+month+pop_density_new+P0020002+P0020003+P0020005+P0020006+P0020007+P0020008+P0020009","lm_adj_below30 month+pop_density_new+P0020002+P0020003+P0020005+P0020006+P0020007+P0020008+P0020009"
-0.4507633397642257,-1.5152290970940885,0.6137024175656371,0.4060920297189926,"ICU",14,"ICU14lag_wkavg ~ PM25_wk_avg+month+pop_density_new+P0020002+P0020003+P0020005+P0020006+P0020007+P0020008+P0020009","lm_adj_below30 month+pop_density_new+P0020002+P0020003+P0020005+P0020006+P0020007+P0020008+P0020009"
-0.015890609487131866,-0.08260061329493597,0.05081939432067224,0.6402142625884713,"death",18,"death18lag_wkavg ~ PM25_wk_avg+month+pop_density_new+P0020002+P0020003+P0020005+P0020006+P0020007+P0020008+P0020009","lm_adj_below30 month+pop_density_new+P0020002+P0020003+P0020005+P0020006+P0020007+P0020008+P0020009"
-0.01861168959510502,-0.0829458853998895,0.04572250620967945,0.5702835997963374,"death",21,"death21lag_wkavg ~ PM25_wk_avg+month+pop_density_new+P0020002+P0020003+P0020005+P0020006+P0020007+P0020008+P0020009","lm_adj_below30 month+pop_density_new+P0020002+P0020003+P0020005+P0020006+P0020007+P0020008+P0020009"
-7.03954372197812,-17.681991540418622,3.60290409646238,0.1945250902555898,"case",3,"case3lag_wkavg ~ PM25_wk_avg+month+pop_density_new+P0020002+P0020003+P0020005+P0020006+P0020007+P0020008+P0020009","lm_adj_below30 month+pop_density_new+P0020002+P0020003+P0020005+P0020006+P0020007+P0020008+P0020009"
-10.648275513651853,-26.002486061802774,4.705935034499067,0.17379964735471934,"case",6,"case6lag_wkavg ~ PM25_wk_avg+month+pop_density_new+P0020002+P0020003+P0020005+P0020006+P0020007+P0020008+P0020009","lm_adj_below30 month+pop_density_new+P0020002+P0020003+P0020005+P0020006+P0020007+P0020008+P0020009"
-3.178573310826777,-8.255919801312789,1.8987731796592344,0.21948832335689414,"hospitalized",10,"hospitalized10lag_wkavg ~ PM25_wk_avg+month+pop_density_new+P0020002+P0020003+P0020005+P0020006+P0020007+P0020008+P0020009","lm_adj_below30 month+pop_density_new+P0020002+P0020003+P0020005+P0020006+P0020007+P0020008+P0020009"
-0.4507633397642257,-1.5152290970940885,0.6137024175656371,0.4060920297189926,"ICU",14,"ICU14lag_wkavg ~ PM25_wk_avg+month+pop_density_new+P0020002+P0020003+P0020005+P0020006+P0020007+P0020008+P0020009","lm_adj_below30 month+pop_density_new+P0020002+P0020003+P0020005+P0020006+P0020007+P0020008+P0020009"
-0.015890609487131866,-0.08260061329493597,0.05081939432067224,0.6402142625884713,"death",18,"death18lag_wkavg ~ PM25_wk_avg+month+pop_density_new+P0020002+P0020003+P0020005+P0020006+P0020007+P0020008+P0020009","lm_adj_below30 month+pop_density_new+P0020002+P0020003+P0020005+P0020006+P0020007+P0020008+P0020009"
-0.01861168959510502,-0.0829458853998895,0.04572250620967945,0.5702835997963374,"death",21,"death21lag_wkavg ~ PM25_wk_avg+month+pop_density_new+P0020002+P0020003+P0020005+P0020006+P0020007+P0020008+P0020009","lm_adj_below30 month+pop_density_new+P0020002+P0020003+P0020005+P0020006+P0020007+P0020008+P0020009"
-3.8555390926861035,-6.940159604969625,-0.770918580402582,0.014293372645224345,"case",3,"case3lag_wkavg ~ PM25_wk_avg+month+pop_density_new+P0020002+P0020003+P0020005+P0020006+P0020007+P0020008+P0020009","geeglm_adj_below30 month+pop_density_new+P0020002+P0020003+P0020005+P0020006+P0020007+P0020008+P0020009"
-6.237265153786161,-13.631929514455699,1.157399206883377,0.098291378670748,"case",6,"case6lag_wkavg ~ PM25_wk_avg+month+pop_density_new+P0020002+P0020003+P0020005+P0020006+P0020007+P0020008+P0020009","geeglm_adj_below30 month+pop_density_new+P0020002+P0020003+P0020005+P0020006+P0020007+P0020008+P0020009"
-2.2077813341389723,-4.902352916075377,0.4867902477974324,0.1082991949083778,"hospitalized",10,"hospitalized10lag_wkavg ~ PM25_wk_avg+month+pop_density_new+P0020002+P0020003+P0020005+P0020006+P0020007+P0020008+P0020009","geeglm_adj_below30 month+pop_density_new+P0020002+P0020003+P0020005+P0020006+P0020007+P0020008+P0020009"
-0.25048953652133826,-0.8474681497010708,0.3464890766583943,0.41085379816130185,"ICU",14,"ICU14lag_wkavg ~ PM25_wk_avg+month+pop_density_new+P0020002+P0020003+P0020005+P0020006+P0020007+P0020008+P0020009","geeglm_adj_below30 month+pop_density_new+P0020002+P0020003+P0020005+P0020006+P0020007+P0020008+P0020009"
-0.005650670570239546,-0.04210233398533825,0.030800992844859154,0.7612573698734089,"death",18,"death18lag_wkavg ~ PM25_wk_avg+month+pop_density_new+P0020002+P0020003+P0020005+P0020006+P0020007+P0020008+P0020009","geeglm_adj_below30 month+pop_density_new+P0020002+P0020003+P0020005+P0020006+P0020007+P0020008+P0020009"
-0.01579787875450561,-0.06154530696759496,0.029949549458583743,0.4985132451132751,"death",21,"death21lag_wkavg ~ PM25_wk_avg+month+pop_density_new+P0020002+P0020003+P0020005+P0020006+P0020007+P0020008+P0020009","geeglm_adj_below30 month+pop_density_new+P0020002+P0020003+P0020005+P0020006+P0020007+P0020008+P0020009"
-3.8555390926861035,-6.940159604969625,-0.770918580402582,0.014293372645224345,"case",3,"case3lag_wkavg ~ PM25_wk_avg+month+pop_density_new+P0020002+P0020003+P0020005+P0020006+P0020007+P0020008+P0020009","geeglm_adj_above30 month+pop_density_new+P0020002+P0020003+P0020005+P0020006+P0020007+P0020008+P0020009"
-6.237265153786161,-13.631929514455699,1.157399206883377,0.098291378670748,"case",6,"case6lag_wkavg ~ PM25_wk_avg+month+pop_density_new+P0020002+P0020003+P0020005+P0020006+P0020007+P0020008+P0020009","geeglm_adj_above30 month+pop_density_new+P0020002+P0020003+P0020005+P0020006+P0020007+P0020008+P0020009"
-2.2077813341389723,-4.902352916075377,0.4867902477974324,0.1082991949083778,"hospitalized",10,"hospitalized10lag_wkavg ~ PM25_wk_avg+month+pop_density_new+P0020002+P0020003+P0020005+P0020006+P0020007+P0020008+P0020009","geeglm_adj_above30 month+pop_density_new+P0020002+P0020003+P0020005+P0020006+P0020007+P0020008+P0020009"
-0.25048953652133826,-0.8474681497010708,0.3464890766583943,0.41085379816130185,"ICU",14,"ICU14lag_wkavg ~ PM25_wk_avg+month+pop_density_new+P0020002+P0020003+P0020005+P0020006+P0020007+P0020008+P0020009","geeglm_adj_above30 month+pop_density_new+P0020002+P0020003+P0020005+P0020006+P0020007+P0020008+P0020009"
-0.005650670570239546,-0.04210233398533825,0.030800992844859154,0.7612573698734089,"death",18,"death18lag_wkavg ~ PM25_wk_avg+month+pop_density_new+P0020002+P0020003+P0020005+P0020006+P0020007+P0020008+P0020009","geeglm_adj_above30 month+pop_density_new+P0020002+P0020003+P0020005+P0020006+P0020007+P0020008+P0020009"
-0.01579787875450561,-0.06154530696759496,0.029949549458583743,0.4985132451132751,"death",21,"death21lag_wkavg ~ PM25_wk_avg+month+pop_density_new+P0020002+P0020003+P0020005+P0020006+P0020007+P0020008+P0020009","geeglm_adj_above30 month+pop_density_new+P0020002+P0020003+P0020005+P0020006+P0020007+P0020008+P0020009"
-0.0352417219743795,-0.04815995085697426,-0.022091163581119014,1.7671542272375144e-8,"case",3,"case3lag_wkavg ~ PM25_wk_avg+month+pop_density_new+P0020002+P0020003+P0020005+P0020006+P0020007+P0020008+P0020009","nbglm_adj_below30 month+pop_density_new+P0020002+P0020003+P0020005+P0020006+P0020007+P0020008+P0020009"
-0.02725295716268053,-0.0417649724593639,-0.012491332131213673,9.295079986550853e-5,"case",6,"case6lag_wkavg ~ PM25_wk_avg+month+pop_density_new+P0020002+P0020003+P0020005+P0020006+P0020007+P0020008+P0020009","nbglm_adj_below30 month+pop_density_new+P0020002+P0020003+P0020005+P0020006+P0020007+P0020008+P0020009"
-0.0176790341984872,-0.03273892710422066,-0.002347971690544547,0.013751358946959074,"hospitalized",10,"hospitalized10lag_wkavg ~ PM25_wk_avg+month+pop_density_new+P0020002+P0020003+P0020005+P0020006+P0020007+P0020008+P0020009","nbglm_adj_below30 month+pop_density_new+P0020002+P0020003+P0020005+P0020006+P0020007+P0020008+P0020009"
-0.020917209649966222,-0.03613746845568085,-0.0054589165551346824,0.0038026132256192865,"ICU",14,"ICU14lag_wkavg ~ PM25_wk_avg+month+pop_density_new+P0020002+P0020003+P0020005+P0020006+P0020007+P0020008+P0020009","nbglm_adj_below30 month+pop_density_new+P0020002+P0020003+P0020005+P0020006+P0020007+P0020008+P0020009"
-0.004883841282180291,-0.02793501311136287,0.01839539983261499,0.6435593547044418,"death",18,"death18lag_wkavg ~ PM25_wk_avg+month+pop_density_new+P0020002+P0020003+P0020005+P0020006+P0020007+P0020008+P0020009","nbglm_adj_below30 month+pop_density_new+P0020002+P0020003+P0020005+P0020006+P0020007+P0020008+P0020009"
-0.008647183808476781,-0.03212531119396419,0.015060127010061495,0.4273405605515281,"death",21,"death21lag_wkavg ~ PM25_wk_avg+month+pop_density_new+P0020002+P0020003+P0020005+P0020006+P0020007+P0020008+P0020009","nbglm_adj_below30 month+pop_density_new+P0020002+P0020003+P0020005+P0020006+P0020007+P0020008+P0020009"
-0.0352417219743795,-0.04815995085697426,-0.022091163581119014,1.7671542272375144e-8,"case",3,"case3lag_wkavg ~ PM25_wk_avg+month+pop_density_new+P0020002+P0020003+P0020005+P0020006+P0020007+P0020008+P0020009","nbglm_adj_above30 month+pop_density_new+P0020002+P0020003+P0020005+P0020006+P0020007+P0020008+P0020009"
-0.02725295716268053,-0.0417649724593639,-0.012491332131213673,9.295079986550853e-5,"case",6,"case6lag_wkavg ~ PM25_wk_avg+month+pop_density_new+P0020002+P0020003+P0020005+P0020006+P0020007+P0020008+P0020009","nbglm_adj_above30 month+pop_density_new+P0020002+P0020003+P0020005+P0020006+P0020007+P0020008+P0020009"
-0.0176790341984872,-0.03273892710422066,-0.002347971690544547,0.013751358946959074,"hospitalized",10,"hospitalized10lag_wkavg ~ PM25_wk_avg+month+pop_density_new+P0020002+P0020003+P0020005+P0020006+P0020007+P0020008+P0020009","nbglm_adj_above30 month+pop_density_new+P0020002+P0020003+P0020005+P0020006+P0020007+P0020008+P0020009"
-0.020917209649966222,-0.03613746845568085,-0.0054589165551346824,0.0038026132256192865,"ICU",14,"ICU14lag_wkavg ~ PM25_wk_avg+month+pop_density_new+P0020002+P0020003+P0020005+P0020006+P0020007+P0020008+P0020009","nbglm_adj_above30 month+pop_density_new+P0020002+P0020003+P0020005+P0020006+P0020007+P0020008+P0020009"
-0.004883841282180291,-0.02793501311136287,0.01839539983261499,0.6435593547044418,"death",18,"death18lag_wkavg ~ PM25_wk_avg+month+pop_density_new+P0020002+P0020003+P0020005+P0020006+P0020007+P0020008+P0020009","nbglm_adj_above30 month+pop_density_new+P0020002+P0020003+P0020005+P0020006+P0020007+P0020008+P0020009"
-0.008647183808476781,-0.03212531119396419,0.015060127010061495,0.4273405605515281,"death",21,"death21lag_wkavg ~ PM25_wk_avg+month+pop_density_new+P0020002+P0020003+P0020005+P0020006+P0020007+P0020008+P0020009","nbglm_adj_above30 month+pop_density_new+P0020002+P0020003+P0020005+P0020006+P0020007+P0020008+P0020009"
-7.128290906537382,-17.786780912762495,3.5301990996877333,0.18963080187921105,"case",3,"case3lag_wkavg ~ PM25_wk_avg+month+pop_density_new+P0020002+P0020003+P0020005+P0020006+P0020007+P0020008+P0020009+P0020010","lm_adj_below30 month+pop_density_new+P0020002+P0020003+P0020005+P0020006+P0020007+P0020008+P0020009+P0020010"
-10.80527243710127,-26.18196051929261,4.571415645090072,0.1681689772199881,"case",6,"case6lag_wkavg ~ PM25_wk_avg+month+pop_density_new+P0020002+P0020003+P0020005+P0020006+P0020007+P0020008+P0020009+P0020010","lm_adj_below30 month+pop_density_new+P0020002+P0020003+P0020005+P0020006+P0020007+P0020008+P0020009+P0020010"
-3.2876408645244575,-8.37017121125302,1.794889482204105,0.20455223202073622,"hospitalized",10,"hospitalized10lag_wkavg ~ PM25_wk_avg+month+pop_density_new+P0020002+P0020003+P0020005+P0020006+P0020007+P0020008+P0020009+P0020010","lm_adj_below30 month+pop_density_new+P0020002+P0020003+P0020005+P0020006+P0020007+P0020008+P0020009+P0020010"
-0.4776464066528588,-1.5429658670897646,0.5876730537840471,0.37907028024535594,"ICU",14,"ICU14lag_wkavg ~ PM25_wk_avg+month+pop_density_new+P0020002+P0020003+P0020005+P0020006+P0020007+P0020008+P0020009+P0020010","lm_adj_below30 month+pop_density_new+P0020002+P0020003+P0020005+P0020006+P0020007+P0020008+P0020009+P0020010"
-0.018556436659358518,-0.08524044897207063,0.048127575653353585,0.5850586297778251,"death",18,"death18lag_wkavg ~ PM25_wk_avg+month+pop_density_new+P0020002+P0020003+P0020005+P0020006+P0020007+P0020008+P0020009+P0020010","lm_adj_below30 month+pop_density_new+P0020002+P0020003+P0020005+P0020006+P0020007+P0020008+P0020009+P0020010"
-0.020958231925236343,-0.085288676199445,0.04337221234897232,0.5226788567431606,"death",21,"death21lag_wkavg ~ PM25_wk_avg+month+pop_density_new+P0020002+P0020003+P0020005+P0020006+P0020007+P0020008+P0020009+P0020010","lm_adj_below30 month+pop_density_new+P0020002+P0020003+P0020005+P0020006+P0020007+P0020008+P0020009+P0020010"
-7.128290906537382,-17.786780912762495,3.5301990996877333,0.18963080187921105,"case",3,"case3lag_wkavg ~ PM25_wk_avg+month+pop_density_new+P0020002+P0020003+P0020005+P0020006+P0020007+P0020008+P0020009+P0020010","lm_adj_below30 month+pop_density_new+P0020002+P0020003+P0020005+P0020006+P0020007+P0020008+P0020009+P0020010"
-10.80527243710127,-26.18196051929261,4.571415645090072,0.1681689772199881,"case",6,"case6lag_wkavg ~ PM25_wk_avg+month+pop_density_new+P0020002+P0020003+P0020005+P0020006+P0020007+P0020008+P0020009+P0020010","lm_adj_below30 month+pop_density_new+P0020002+P0020003+P0020005+P0020006+P0020007+P0020008+P0020009+P0020010"
-3.2876408645244575,-8.37017121125302,1.794889482204105,0.20455223202073622,"hospitalized",10,"hospitalized10lag_wkavg ~ PM25_wk_avg+month+pop_density_new+P0020002+P0020003+P0020005+P0020006+P0020007+P0020008+P0020009+P0020010","lm_adj_below30 month+pop_density_new+P0020002+P0020003+P0020005+P0020006+P0020007+P0020008+P0020009+P0020010"
-0.4776464066528588,-1.5429658670897646,0.5876730537840471,0.37907028024535594,"ICU",14,"ICU14lag_wkavg ~ PM25_wk_avg+month+pop_density_new+P0020002+P0020003+P0020005+P0020006+P0020007+P0020008+P0020009+P0020010","lm_adj_below30 month+pop_density_new+P0020002+P0020003+P0020005+P0020006+P0020007+P0020008+P0020009+P0020010"
-0.018556436659358518,-0.08524044897207063,0.048127575653353585,0.5850586297778251,"death",18,"death18lag_wkavg ~ PM25_wk_avg+month+pop_density_new+P0020002+P0020003+P0020005+P0020006+P0020007+P0020008+P0020009+P0020010","lm_adj_below30 month+pop_density_new+P0020002+P0020003+P0020005+P0020006+P0020007+P0020008+P0020009+P0020010"
-0.020958231925236343,-0.085288676199445,0.04337221234897232,0.5226788567431606,"death",21,"death21lag_wkavg ~ PM25_wk_avg+month+pop_density_new+P0020002+P0020003+P0020005+P0020006+P0020007+P0020008+P0020009+P0020010","lm_adj_below30 month+pop_density_new+P0020002+P0020003+P0020005+P0020006+P0020007+P0020008+P0020009+P0020010"
-3.885499650510948,-6.985345775092204,-0.7856535259296922,0.014021375918232382,"case",3,"case3lag_wkavg ~ PM25_wk_avg+month+pop_density_new+P0020002+P0020003+P0020005+P0020006+P0020007+P0020008+P0020009+P0020010","geeglm_adj_below30 month+pop_density_new+P0020002+P0020003+P0020005+P0020006+P0020007+P0020008+P0020009+P0020010"
-6.330945671989212,-13.840406114945901,1.1785147709674781,0.09845864940696458,"case",6,"case6lag_wkavg ~ PM25_wk_avg+month+pop_density_new+P0020002+P0020003+P0020005+P0020006+P0020007+P0020008+P0020009+P0020010","geeglm_adj_below30 month+pop_density_new+P0020002+P0020003+P0020005+P0020006+P0020007+P0020008+P0020009+P0020010"
-2.2524509535561617,-4.98519114902059,0.4802892419082667,0.1062039679456348,"hospitalized",10,"hospitalized10lag_wkavg ~ PM25_wk_avg+month+pop_density_new+P0020002+P0020003+P0020005+P0020006+P0020007+P0020008+P0020009+P0020010","geeglm_adj_below30 month+pop_density_new+P0020002+P0020003+P0020005+P0020006+P0020007+P0020008+P0020009+P0020010"
-0.2610962405808344,-0.8638762601450987,0.3416837789834298,0.39590068613833995,"ICU",14,"ICU14lag_wkavg ~ PM25_wk_avg+month+pop_density_new+P0020002+P0020003+P0020005+P0020006+P0020007+P0020008+P0020009+P0020010","geeglm_adj_below30 month+pop_density_new+P0020002+P0020003+P0020005+P0020006+P0020007+P0020008+P0020009+P0020010"
-0.006893560813713771,-0.043675980504231854,0.029888858876804314,0.713376028140161,"death",18,"death18lag_wkavg ~ PM25_wk_avg+month+pop_density_new+P0020002+P0020003+P0020005+P0020006+P0020007+P0020008+P0020009+P0020010","geeglm_adj_below30 month+pop_density_new+P0020002+P0020003+P0020005+P0020006+P0020007+P0020008+P0020009+P0020010"
-0.01687375507105695,-0.06294638786663226,0.029198877724518353,0.4728670090496786,"death",21,"death21lag_wkavg ~ PM25_wk_avg+month+pop_density_new+P0020002+P0020003+P0020005+P0020006+P0020007+P0020008+P0020009+P0020010","geeglm_adj_below30 month+pop_density_new+P0020002+P0020003+P0020005+P0020006+P0020007+P0020008+P0020009+P0020010"
-3.885499650510948,-6.985345775092204,-0.7856535259296922,0.014021375918232382,"case",3,"case3lag_wkavg ~ PM25_wk_avg+month+pop_density_new+P0020002+P0020003+P0020005+P0020006+P0020007+P0020008+P0020009+P0020010","geeglm_adj_above30 month+pop_density_new+P0020002+P0020003+P0020005+P0020006+P0020007+P0020008+P0020009+P0020010"
-6.330945671989212,-13.840406114945901,1.1785147709674781,0.09845864940696458,"case",6,"case6lag_wkavg ~ PM25_wk_avg+month+pop_density_new+P0020002+P0020003+P0020005+P0020006+P0020007+P0020008+P0020009+P0020010","geeglm_adj_above30 month+pop_density_new+P0020002+P0020003+P0020005+P0020006+P0020007+P0020008+P0020009+P0020010"
-2.2524509535561617,-4.98519114902059,0.4802892419082667,0.1062039679456348,"hospitalized",10,"hospitalized10lag_wkavg ~ PM25_wk_avg+month+pop_density_new+P0020002+P0020003+P0020005+P0020006+P0020007+P0020008+P0020009+P0020010","geeglm_adj_above30 month+pop_density_new+P0020002+P0020003+P0020005+P0020006+P0020007+P0020008+P0020009+P0020010"
-0.2610962405808344,-0.8638762601450987,0.3416837789834298,0.39590068613833995,"ICU",14,"ICU14lag_wkavg ~ PM25_wk_avg+month+pop_density_new+P0020002+P0020003+P0020005+P0020006+P0020007+P0020008+P0020009+P0020010","geeglm_adj_above30 month+pop_density_new+P0020002+P0020003+P0020005+P0020006+P0020007+P0020008+P0020009+P0020010"
-0.006893560813713771,-0.043675980504231854,0.029888858876804314,0.713376028140161,"death",18,"death18lag_wkavg ~ PM25_wk_avg+month+pop_density_new+P0020002+P0020003+P0020005+P0020006+P0020007+P0020008+P0020009+P0020010","geeglm_adj_above30 month+pop_density_new+P0020002+P0020003+P0020005+P0020006+P0020007+P0020008+P0020009+P0020010"
-0.01687375507105695,-0.06294638786663226,0.029198877724518353,0.4728670090496786,"death",21,"death21lag_wkavg ~ PM25_wk_avg+month+pop_density_new+P0020002+P0020003+P0020005+P0020006+P0020007+P0020008+P0020009+P0020010","geeglm_adj_above30 month+pop_density_new+P0020002+P0020003+P0020005+P0020006+P0020007+P0020008+P0020009+P0020010"
-0.036699283937764074,-0.04953985715942296,-0.023625292741838173,3.880774886802584e-9,"case",3,"case3lag_wkavg ~ PM25_wk_avg+month+pop_density_new+P0020002+P0020003+P0020005+P0020006+P0020007+P0020008+P0020009+P0020010","nbglm_adj_below30 month+pop_density_new+P0020002+P0020003+P0020005+P0020006+P0020007+P0020008+P0020009+P0020010"
-0.029984177483002143,-0.04446065249582359,-0.015255253015896133,1.5691159905516006e-5,"case",6,"case6lag_wkavg ~ PM25_wk_avg+month+pop_density_new+P0020002+P0020003+P0020005+P0020006+P0020007+P0020008+P0020009+P0020010","nbglm_adj_below30 month+pop_density_new+P0020002+P0020003+P0020005+P0020006+P0020007+P0020008+P0020009+P0020010"
-0.02052285005102168,-0.035472162131037,-0.0053033052759485005,0.003949575916733112,"hospitalized",10,"hospitalized10lag_wkavg ~ PM25_wk_avg+month+pop_density_new+P0020002+P0020003+P0020005+P0020006+P0020007+P0020008+P0020009+P0020010","nbglm_adj_below30 month+pop_density_new+P0020002+P0020003+P0020005+P0020006+P0020007+P0020008+P0020009+P0020010"
-0.024129311516039524,-0.03919795140177178,-0.008828617832969026,7.3909549343446e-4,"ICU",14,"ICU14lag_wkavg ~ PM25_wk_avg+month+pop_density_new+P0020002+P0020003+P0020005+P0020006+P0020007+P0020008+P0020009+P0020010","nbglm_adj_below30 month+pop_density_new+P0020002+P0020003+P0020005+P0020006+P0020007+P0020008+P0020009+P0020010"
-0.006067644854395613,-0.02856881276743721,0.016615565893118446,0.5565257435299821,"death",18,"death18lag_wkavg ~ PM25_wk_avg+month+pop_density_new+P0020002+P0020003+P0020005+P0020006+P0020007+P0020008+P0020009+P0020010","nbglm_adj_below30 month+pop_density_new+P0020002+P0020003+P0020005+P0020006+P0020007+P0020008+P0020009+P0020010"
-0.009200549134488803,-0.032232116507546364,0.01401125517933126,0.38925497069533915,"death",21,"death21lag_wkavg ~ PM25_wk_avg+month+pop_density_new+P0020002+P0020003+P0020005+P0020006+P0020007+P0020008+P0020009+P0020010","nbglm_adj_below30 month+pop_density_new+P0020002+P0020003+P0020005+P0020006+P0020007+P0020008+P0020009+P0020010"
-0.036699283937764074,-0.04953985715942296,-0.023625292741838173,3.880774886802584e-9,"case",3,"case3lag_wkavg ~ PM25_wk_avg+month+pop_density_new+P0020002+P0020003+P0020005+P0020006+P0020007+P0020008+P0020009+P0020010","nbglm_adj_above30 month+pop_density_new+P0020002+P0020003+P0020005+P0020006+P0020007+P0020008+P0020009+P0020010"
-0.029984177483002143,-0.04446065249582359,-0.015255253015896133,1.5691159905516006e-5,"case",6,"case6lag_wkavg ~ PM25_wk_avg+month+pop_density_new+P0020002+P0020003+P0020005+P0020006+P0020007+P0020008+P0020009+P0020010","nbglm_adj_above30 month+pop_density_new+P0020002+P0020003+P0020005+P0020006+P0020007+P0020008+P0020009+P0020010"
-0.02052285005102168,-0.035472162131037,-0.0053033052759485005,0.003949575916733112,"hospitalized",10,"hospitalized10lag_wkavg ~ PM25_wk_avg+month+pop_density_new+P0020002+P0020003+P0020005+P0020006+P0020007+P0020008+P0020009+P0020010","nbglm_adj_above30 month+pop_density_new+P0020002+P0020003+P0020005+P0020006+P0020007+P0020008+P0020009+P0020010"
-0.024129311516039524,-0.03919795140177178,-0.008828617832969026,7.3909549343446e-4,"ICU",14,"ICU14lag_wkavg ~ PM25_wk_avg+month+pop_density_new+P0020002+P0020003+P0020005+P0020006+P0020007+P0020008+P0020009+P0020010","nbglm_adj_above30 month+pop_density_new+P0020002+P0020003+P0020005+P0020006+P0020007+P0020008+P0020009+P0020010"
-0.006067644854395613,-0.02856881276743721,0.016615565893118446,0.5565257435299821,"death",18,"death18lag_wkavg ~ PM25_wk_avg+month+pop_density_new+P0020002+P0020003+P0020005+P0020006+P0020007+P0020008+P0020009+P0020010","nbglm_adj_above30 month+pop_density_new+P0020002+P0020003+P0020005+P0020006+P0020007+P0020008+P0020009+P0020010"
-0.009200549134488803,-0.032232116507546364,0.01401125517933126,0.38925497069533915,"death",21,"death21lag_wkavg ~ PM25_wk_avg+month+pop_density_new+P0020002+P0020003+P0020005+P0020006+P0020007+P0020008+P0020009+P0020010","nbglm_adj_above30 month+pop_density_new+P0020002+P0020003+P0020005+P0020006+P0020007+P0020008+P0020009+P0020010"
